molecule,ae_term,log_or.session,ci_lb.session,ci_ub.session,or.session,or_ci_lb.session,or_ci_ub.session,pval.session,pval_fmt.session,stars.session,k.session,I2.session,tau2.session,QE.session,QEp.session,log_or_ci.session,or_ci.session,status.session
AYAHUASCA,anxiety,-0.37242518213831277,-3.385008533953783,2.6401581696771577,0.6890612037151793,0.03387735323667389,14.015420246922124,0.8085500290462433,0.809,,2,76.43400347940755,3.6514600359200085,4.243402137169037,0.039403132244632384,"-0.372 [-3.385, 2.640]","0.69 [0.03, 14.02]",ok
AYAHUASCA,confusion,NA,NA,NA,NA,NA,NA,NA,,,1,NA,NA,NA,NA,,,insufficient_k
AYAHUASCA,diarrhea,NA,NA,NA,NA,NA,NA,NA,,,1,NA,NA,NA,NA,,,insufficient_k
AYAHUASCA,dissociation,NA,NA,NA,NA,NA,NA,NA,,,1,NA,NA,NA,NA,,,insufficient_k
AYAHUASCA,distress,NA,NA,NA,NA,NA,NA,NA,,,1,NA,NA,NA,NA,,,insufficient_k
AYAHUASCA,drowsiness,NA,NA,NA,NA,NA,NA,NA,,,1,NA,NA,NA,NA,,,insufficient_k
AYAHUASCA,headache,-0.13534681759965,-2.055868834424154,1.7851751992248541,0.8734129441730367,0.12798159244542393,5.960624152839165,0.8901404822260746,0.890,,2,54.560794105952105,1.0659190342732394,2.200742685362357,0.1379442619511363,"-0.135 [-2.056, 1.785]","0.87 [0.13, 5.96]",ok
AYAHUASCA,hypertension,NA,NA,NA,NA,NA,NA,NA,,,1,NA,NA,NA,NA,,,insufficient_k
AYAHUASCA,nausea,0.9125987485576467,-1.192069576552286,3.017267073667579,2.490787059185552,0.3035923059348791,20.435366947464665,0.395406293319292,0.395,,2,64.53585544730929,1.4930216593233765,2.819749390865059,0.09311094003668936,"0.913 [-1.192, 3.017]","2.49 [0.30, 20.44]",ok
AYAHUASCA,restlessness,NA,NA,NA,NA,NA,NA,NA,,,1,NA,NA,NA,NA,,,insufficient_k
AYAHUASCA,tachycardia,NA,NA,NA,NA,NA,NA,NA,,,1,NA,NA,NA,NA,,,insufficient_k
AYAHUASCA,vomiting,0.39527295090952,-1.548891506578246,2.339437408397286,1.4847894102358776,0.2124833797583692,10.375397808786836,0.6902725712751417,0.690,,2,58.87488485387112,1.1686011017958424,2.4316041339865544,0.11891115826775137,"0.395 [-1.549, 2.339]","1.48 [0.21, 10.38]",ok
LSD,ADHD_exacerbation,NA,NA,NA,NA,NA,NA,NA,,,1,NA,NA,NA,NA,,,insufficient_k
LSD,Balance_disorder,-0.21559938212971108,-1.138944034430334,0.7077452701709119,0.806058158500882,0.3201569180638699,2.0294103242092514,0.6472052041129124,0.647,,4,0,0,1.9125013484295983,0.5907644528292698,"-0.216 [-1.139, 0.708]","0.81 [0.32, 2.03]",ok
LSD,COVID19,NA,NA,NA,NA,NA,NA,NA,,,1,NA,NA,NA,NA,,,insufficient_k
LSD,Fatigue,0.13758692367743225,-0.6838717299534951,0.9590455773083595,1.1475014466826992,0.5046593004540356,2.6092050001936262,0.7427027549023267,0.743,,4,0,0,1.1156402574032294,0.7732998679682369,"0.138 [-0.684, 0.959]","1.15 [0.50, 2.61]",ok
LSD,Mydriasis,0.5733004896238489,-0.22088015538662742,1.3674811346343252,1.774112840165085,0.8018127674734297,3.9254505507021933,0.15711180612980594,0.157,,4,7.587548760478335e-5,5.156438817991279e-7,3.0521516710893715,0.3836540992008008,"0.573 [-0.221, 1.367]","1.77 [0.80, 3.93]",ok
LSD,Pseudo_hallucination,-0.10316816392799724,-1.0010490932339837,0.7947127653779892,0.9019752810210611,0.3674937037114458,2.213805024022465,0.8218210033496416,0.822,,4,2.4130308023932623e-4,2.12535304958678e-6,1.8343098141204817,0.6074973483614953,"-0.103 [-1.001, 0.795]","0.90 [0.37, 2.21]",ok
LSD,Tremor,0.04744317743826898,-1.0120598743523712,1.106946229228909,1.0485866160506923,0.3634695064121329,3.025106293549412,0.9300637310903112,0.930,,4,25.48278372251358,0.3004558739132997,4.22424552016241,0.23824563172953664,"0.047 [-1.012, 1.107]","1.05 [0.36, 3.03]",ok
LSD,Vomiting,-0.22560887454864711,-1.162418351027028,0.7112006019297339,0.7980301705433026,0.31272897721627796,2.0364347390070496,0.6369182582530029,0.637,,4,0,0,2.4991932668789634,0.47543689572567394,"-0.226 [-1.162, 0.711]","0.80 [0.31, 2.04]",ok
LSD,affect liability,NA,NA,NA,NA,NA,NA,NA,,,1,NA,NA,NA,NA,,,insufficient_k
LSD,altered perception of music,NA,NA,NA,NA,NA,NA,NA,,,1,NA,NA,NA,NA,,,insufficient_k
LSD,altered state of consciousness,-0.6093120998857496,-1.8583954920610823,0.6397712922895832,0.5437247687874975,0.15592260883188022,1.8960471891012334,0.339029342554169,0.339,,4,25.213130686795125,0.4186255099105971,3.4919376794144585,0.3218092831562251,"-0.609 [-1.858, 0.640]","0.54 [0.16, 1.90]",ok
LSD,anemia,NA,NA,NA,NA,NA,NA,NA,,,1,NA,NA,NA,NA,,,insufficient_k
LSD,anger,NA,NA,NA,NA,NA,NA,NA,,,1,NA,NA,NA,NA,,,insufficient_k
LSD,anxiety,0.02087184018193053,-0.678025897806964,0.7197695781708251,1.021091180391579,0.5076180938944953,2.0539598789206486,0.9533246771029105,0.953,,7,0,0,3.184713656278019,0.7853317950019151,"0.021 [-0.678, 0.720]","1.02 [0.51, 2.05]",ok
LSD,anxiety_worsening,NA,NA,NA,NA,NA,NA,NA,,,1,NA,NA,NA,NA,,,insufficient_k
LSD,attention disturbance,-0.7604762750827888,-2.0604312135658227,0.539478663400245,0.4674437421774955,0.12739902186200416,1.7151124781599911,0.25155404489071403,0.252,,5,25.416885142634452,0.5643530041714961,4.232076046099821,0.3755079288342931,"-0.760 [-2.060, 0.539]","0.47 [0.13, 1.72]",ok
LSD,bradyphrenia,NA,NA,NA,NA,NA,NA,NA,,,1,NA,NA,NA,NA,,,insufficient_k
LSD,chills,NA,NA,NA,NA,NA,NA,NA,,,1,NA,NA,NA,NA,,,insufficient_k
LSD,depersonalization,NA,NA,NA,NA,NA,NA,NA,,,1,NA,NA,NA,NA,,,insufficient_k
LSD,depressed mood,-0.45699551888331424,-1.446818314337024,0.5328272765703954,0.633183177424104,0.23531780556860118,1.7037424567347736,0.3655161668142145,0.366,,4,0,0,1.938420799681293,0.5852855481737135,"-0.457 [-1.447, 0.533]","0.63 [0.24, 1.70]",ok
LSD,depression,NA,NA,NA,NA,NA,NA,NA,,,1,NA,NA,NA,NA,,,insufficient_k
LSD,depression_worsening,NA,NA,NA,NA,NA,NA,NA,,,1,NA,NA,NA,NA,,,insufficient_k
LSD,derealization,NA,NA,NA,NA,NA,NA,NA,,,1,NA,NA,NA,NA,,,insufficient_k
LSD,dizziness,0.0021994717925337692,-0.5661680639694655,0.570567007554533,1.0022018924049811,0.5676966533252567,1.7692699565108383,0.9939483594892424,0.994,,6,0,0,2.124869219546725,0.8316111742438563,"0.002 [-0.566, 0.571]","1.00 [0.57, 1.77]",ok
LSD,emotional distress,-0.3599515989433049,-1.3336473277514695,0.6137441298648596,0.6977100951596672,0.2635143830787115,1.8473351291124982,0.4687275564775877,0.469,,5,1.8087097815690733e-5,2.3693088529063175e-7,4.097601950136996,0.3929579836459915,"-0.360 [-1.334, 0.614]","0.70 [0.26, 1.85]",ok
LSD,euphoric mood,0.7326682647888213,-0.026119872222228335,1.491456401799871,2.0806248656783266,0.974218300896364,4.443562420964487,0.05842494408232133,0.058,,4,2.7844540695737766e-6,1.6927028922216438e-8,2.8534062619107345,0.4147835859413258,"0.733 [-0.026, 1.491]","2.08 [0.97, 4.44]",ok
LSD,fatigue,-0.9772372036436793,-2.159237679974958,0.20476327268759975,0.3763494406908426,0.1154130692052856,1.2272345106460731,0.10513981424444793,0.105,,2,0,0,3.848632516632701e-4,0.9843481590058033,"-0.977 [-2.159, 0.205]","0.38 [0.12, 1.23]",ok
LSD,feeling abnormal,-0.7039342837589084,-1.818186432123552,0.41031786460573505,0.4946354344804728,0.16231986224573378,1.5072968252849572,0.21563564589276102,0.216,,5,1.1219386718116093e-5,1.9112323346151973e-7,5.442656637658044,0.2448161791262191,"-0.704 [-1.818, 0.410]","0.49 [0.16, 1.51]",ok
LSD,feeling of relaxation,NA,NA,NA,NA,NA,NA,NA,,,1,NA,NA,NA,NA,,,insufficient_k
LSD,feeling_intoxicated,-1.1656704121500367,-2.797915331171952,0.4665745068718785,0.3117136153716887,0.06093696369459852,1.5945228005625405,0.16159972101240344,0.162,,2,0,0,2.4321641999489705e-4,0.9875571775818857,"-1.166 [-2.798, 0.467]","0.31 [0.06, 1.59]",ok
LSD,femur fracture,NA,NA,NA,NA,NA,NA,NA,,,1,NA,NA,NA,NA,,,insufficient_k
LSD,hallucination,NA,NA,NA,NA,NA,NA,NA,,,1,NA,NA,NA,NA,,,insufficient_k
LSD,hallucination visual,1.018766270977025,0.30551206336688996,1.7320204785871602,2.7697755027522315,1.3573198588628022,5.652062250141901,0.005118402910967909,0.005,**,4,0,0,0.43995199712214444,0.9318711346165137,"1.019 [0.306, 1.732] **","2.77 [1.36, 5.65] **",ok
LSD,headache,0.3381292151650791,-0.44128785646386803,1.1175462867940262,1.402321692927897,0.6432075284771982,3.057343148815268,0.39517061978096496,0.395,,8,51.047729138151276,0.6102240874687191,13.80899694914243,0.05468469995201204,"0.338 [-0.441, 1.118]","1.40 [0.64, 3.06]",ok
LSD,hypertension,0.29216725995149895,-0.49428360700651375,1.0786181269095116,1.3393270146774208,0.6100077560823509,2.940613187879811,0.4665349159822192,0.467,,4,0,0,0.22157386003465956,0.9740336177766297,"0.292 [-0.494, 1.079]","1.34 [0.61, 2.94]",ok
LSD,illusion,2.6026657753910314,1.8132088860110813,3.3921226647709815,13.499677218138624,6.130086654678429,29.728990022489487,1.0362200106905964e-10,<0.001,***,4,26.71735313409294,0.17339214758907456,4.134328602410906,0.24731963437468346,"2.603 [1.813, 3.392] ***","13.50 [6.13, 29.73] ***",ok
LSD,illusions,NA,NA,NA,NA,NA,NA,NA,,,1,NA,NA,NA,NA,,,insufficient_k
LSD,impaired gait,0.1841865625046257,-0.5600253581959639,0.9283984832052153,1.2022400950985808,0.5711945792010905,2.5304533671944993,0.6276227338217877,0.628,,3,0,0,1.4980825069869061,0.47281964969111673,"0.184 [-0.560, 0.928]","1.20 [0.57, 2.53]",ok
LSD,lack of appetite,-1.0263455978821918,-2.158597003448258,0.10590580768387459,0.35831399432079686,0.11548703534125335,1.1117171563608577,0.07562788687263101,0.076,,4,0,0,0.8384044349891788,0.8402608432215072,"-1.026 [-2.159, 0.106]","0.36 [0.12, 1.11]",ok
LSD,menorrhagia,NA,NA,NA,NA,NA,NA,NA,,,1,NA,NA,NA,NA,,,insufficient_k
LSD,mydriasis,NA,NA,NA,NA,NA,NA,NA,,,1,NA,NA,NA,NA,,,insufficient_k
LSD,nausea,1.4315993197292565,0.3929385370884302,2.4702601023700828,4.185387615021376,1.4813273398399152,11.825522298040761,0.006903927185879961,0.007,**,5,61.29947518492209,0.8567603029261076,10.19659302160869,0.03724315761752476,"1.432 [0.393, 2.470] **","4.19 [1.48, 11.83] **",ok
LSD,neoplasm progression,NA,NA,NA,NA,NA,NA,NA,,,1,NA,NA,NA,NA,,,insufficient_k
LSD,palmar-plantar erythrodysaesthesia syndrome,NA,NA,NA,NA,NA,NA,NA,,,1,NA,NA,NA,NA,,,insufficient_k
LSD,paresthesia,0.08312107189629031,-0.8385995932866239,1.0048417370792044,1.0866733661892036,0.4323155172641659,2.7314749474130307,0.8597046116434408,0.860,,4,13.912345982968988,0.1245485949364525,2.9519132202369422,0.3990987881462403,"0.083 [-0.839, 1.005]","1.09 [0.43, 2.73]",ok
LSD,perseveration,NA,NA,NA,NA,NA,NA,NA,,,1,NA,NA,NA,NA,,,insufficient_k
LSD,perspiration,0.5250255839843644,-0.2539483286784565,1.3039994966471853,1.6905020976050784,0.7757318841025357,3.6840013934884595,0.1864984976625443,0.186,,5,0,0,3.1954186321527502,0.5256712342162181,"0.525 [-0.254, 1.304]","1.69 [0.78, 3.68]",ok
LSD,pneumonia,NA,NA,NA,NA,NA,NA,NA,,,1,NA,NA,NA,NA,,,insufficient_k
LSD,pruritus,NA,NA,NA,NA,NA,NA,NA,,,1,NA,NA,NA,NA,,,insufficient_k
LSD,serious ae,NA,NA,NA,NA,NA,NA,NA,,,1,NA,NA,NA,NA,,,insufficient_k
LSD,skin lesion,NA,NA,NA,NA,NA,NA,NA,,,1,NA,NA,NA,NA,,,insufficient_k
LSD,sleep disorder,-1.1052428095520312,-2.0034142740397956,-0.20707134506426694,0.3311304708387594,0.13487399941518677,0.8129616471175262,0.01587271840874928,0.016,*,2,0,0,0.08267637237827061,0.7737027118374475,"-1.105 [-2.003, -0.207] *","0.33 [0.13, 0.81] *",ok
LSD,tachyphrenia,NA,NA,NA,NA,NA,NA,NA,,,1,NA,NA,NA,NA,,,insufficient_k
LSD,temperature perception disturbances,-0.4131931244988984,-1.8576491823923178,1.031262933394521,0.6615345119692759,0.15603901881597562,2.804605629073737,0.5750317435027783,0.575,,5,40.834644118292914,1.0860631102232794,7.1893150007580235,0.12621565533224707,"-0.413 [-1.858, 1.031]","0.66 [0.16, 2.80]",ok
LSD,thinking abnormal,0.018354567720344148,-0.8216825256175102,0.8583916610581985,1.018524048123679,0.43969124002236815,2.359362985156293,0.9658413168341584,0.966,,5,0,0,1.837145176530325,0.7656798688894637,"0.018 [-0.822, 0.858]","1.02 [0.44, 2.36]",ok
LSD,time perception altered,NA,NA,NA,NA,NA,NA,NA,,,1,NA,NA,NA,NA,,,insufficient_k
MDMA,abdominal discomfort,NA,NA,NA,NA,NA,NA,NA,,,1,NA,NA,NA,NA,,,insufficient_k
MDMA,abdominal pain,NA,NA,NA,NA,NA,NA,NA,,,1,NA,NA,NA,NA,,,insufficient_k
MDMA,abdominal pain upper,NA,NA,NA,NA,NA,NA,NA,,,1,NA,NA,NA,NA,,,insufficient_k
MDMA,anxiety,1.487344834732903,0.8787736116827981,2.095916057783008,4.425329923806862,2.4079448194730806,8.13288775397512,1.6666369079858136e-6,<0.001,***,14,0,0,9.373375644512233,0.7441959048453441,"1.487 [0.879, 2.096] ***","4.43 [2.41, 8.13] ***",ok
MDMA,arthralgia,NA,NA,NA,NA,NA,NA,NA,,,1,NA,NA,NA,NA,,,insufficient_k
MDMA,attention disturbance,NA,NA,NA,NA,NA,NA,NA,,,1,NA,NA,NA,NA,,,insufficient_k
MDMA,autonomic,1.3528100309199442,-0.05694427652107503,2.7625643383609635,3.86828025962892,0.9446467069008,15.840411084613196,0.059999802303581505,0.060,,5,58.44929203245395,1.5097979232738845,9.612032394119066,0.047495441462831765,"1.353 [-0.057, 2.763]","3.87 [0.94, 15.84]",ok
MDMA,back pain,NA,NA,NA,NA,NA,NA,NA,,,1,NA,NA,NA,NA,,,insufficient_k
MDMA,binge eating,NA,NA,NA,NA,NA,NA,NA,,,1,NA,NA,NA,NA,,,insufficient_k
MDMA,bruxism,NA,NA,NA,NA,NA,NA,NA,,,1,NA,NA,NA,NA,,,insufficient_k
MDMA,chest discomfort,NA,NA,NA,NA,NA,NA,NA,,,1,NA,NA,NA,NA,,,insufficient_k
MDMA,chills,NA,NA,NA,NA,NA,NA,NA,,,1,NA,NA,NA,NA,,,insufficient_k
MDMA,covid-19,NA,NA,NA,NA,NA,NA,NA,,,1,NA,NA,NA,NA,,,insufficient_k
MDMA,decreased appetite,NA,NA,NA,NA,NA,NA,NA,,,1,NA,NA,NA,NA,,,insufficient_k
MDMA,decreased concentration,0.30543216420404495,-0.715692941243832,1.3265572696519219,1.3572114144747316,0.48885324782588047,3.7680486562637974,0.5577065727593956,0.558,,5,0,0,3.2665904425082033,0.5142430715325733,"0.305 [-0.716, 1.327]","1.36 [0.49, 3.77]",ok
MDMA,depressed mood,0.3967577660318372,-0.9130525135374358,1.7065680456011103,1.4869956855557882,0.4012973868118638,5.510018857656212,0.5527145353652936,0.553,,2,0,0,0.10133701665860712,0.7502310232503836,"0.397 [-0.913, 1.707]","1.49 [0.40, 5.51]",ok
MDMA,depression,0.24405788995853486,-0.7576944249585125,1.2458102048755821,1.276418220148537,0.4687459109892429,3.4757497282243976,0.6330004752207707,0.633,,6,11.959925063903485,0.18791937882991896,5.503788156501037,0.3575306745427511,"0.244 [-0.758, 1.246]","1.28 [0.47, 3.48]",ok
MDMA,diarrhea,NA,NA,NA,NA,NA,NA,NA,,,1,NA,NA,NA,NA,,,insufficient_k
MDMA,dissociation,0.10427812116380869,-1.119095199447692,1.3276514417753094,1.1099091012040092,0.3265751463584785,3.7721738064636687,0.8673198708816034,0.867,,3,0,0,1.3664078878130999,0.5049964174418226,"0.104 [-1.119, 1.328]","1.11 [0.33, 3.77]",ok
MDMA,dizziness,1.5344635874442107,0.8203685000134077,2.2485586748750137,4.6388365322886695,2.271336670930068,9.474070774582456,2.535517547282154e-5,<0.001,***,8,4.3170203568677115e-5,4.793986619369914e-7,8.285847734297242,0.3080643094269298,"1.534 [0.820, 2.249] ***","4.64 [2.27, 9.47] ***",ok
MDMA,drowsiness,NA,NA,NA,NA,NA,NA,NA,,,1,NA,NA,NA,NA,,,insufficient_k
MDMA,dry mouth,NA,NA,NA,NA,NA,NA,NA,,,1,NA,NA,NA,NA,,,insufficient_k
MDMA,emotional disorder,NA,NA,NA,NA,NA,NA,NA,,,1,NA,NA,NA,NA,,,insufficient_k
MDMA,fatigue,1.0296385124589535,0.4242676869453458,1.6350093379725612,2.8000534672883117,1.5284706906769032,5.12950589598883,8.57348284672136e-4,<0.001,***,12,0,0,8.815661010106155,0.6389030843893135,"1.030 [0.424, 1.635] ***","2.80 [1.53, 5.13] ***",ok
MDMA,feeling abnormal,NA,NA,NA,NA,NA,NA,NA,,,1,NA,NA,NA,NA,,,insufficient_k
MDMA,feeling cold,1.3647485383890283,0.16710154671635968,2.562395530061697,3.914738521756916,1.1818742746667226,12.966842600960312,0.025520752259471497,0.026,*,2,0,0,0.04851452202124777,0.8256685743350632,"1.365 [0.167, 2.562] *","3.91 [1.18, 12.97] *",ok
MDMA,feeling hot,NA,NA,NA,NA,NA,NA,NA,,,1,NA,NA,NA,NA,,,insufficient_k
MDMA,feeling jittery,NA,NA,NA,NA,NA,NA,NA,,,1,NA,NA,NA,NA,,,insufficient_k
MDMA,flushing,NA,NA,NA,NA,NA,NA,NA,,,1,NA,NA,NA,NA,,,insufficient_k
MDMA,genitourinary,NA,NA,NA,NA,NA,NA,NA,,,1,NA,NA,NA,NA,,,insufficient_k
MDMA,headache,1.5845328202266056,0.6396716059159874,2.5293940345372237,4.8770124046588865,1.8958581884533365,12.545901449834147,0.0010131090957797558,0.001,**,12,54.57276887617032,1.4507523341082653,25.32532598782918,0.00816742636759705,"1.585 [0.640, 2.529] **","4.88 [1.90, 12.55] **",ok
MDMA,heart rate increased,NA,NA,NA,NA,NA,NA,NA,,,1,NA,NA,NA,NA,,,insufficient_k
MDMA,hyperhidrosis,NA,NA,NA,NA,NA,NA,NA,,,1,NA,NA,NA,NA,,,insufficient_k
MDMA,hypoaesthesia,NA,NA,NA,NA,NA,NA,NA,,,1,NA,NA,NA,NA,,,insufficient_k
MDMA,impaired gait,NA,NA,NA,NA,NA,NA,NA,,,1,NA,NA,NA,NA,,,insufficient_k
MDMA,impaired gait/balance,NA,NA,NA,NA,NA,NA,NA,,,1,NA,NA,NA,NA,,,insufficient_k
MDMA,infectious,NA,NA,NA,NA,NA,NA,NA,,,1,NA,NA,NA,NA,,,insufficient_k
MDMA,insomnia,NA,NA,NA,NA,NA,NA,NA,,,1,NA,NA,NA,NA,,,insufficient_k
MDMA,irritability,-0.48522038625780217,-1.43078603962498,0.4603452671093756,0.6155615205142906,0.23912088985839394,1.5846210080694216,0.31452982704924254,0.315,,6,0,0,2.5076854784885647,0.7753371805797793,"-0.485 [-1.431, 0.460]","0.62 [0.24, 1.58]",ok
MDMA,jaw tension,1.143878965361848,0.44333263599284256,1.8444252947308533,3.138920545074482,1.5578904586030504,6.324464042950518,0.0013728246430617505,0.001,**,11,1.7674956415265273e-4,2.510387231762868e-6,9.350574341924133,0.499187147168974,"1.144 [0.443, 1.844] **","3.14 [1.56, 6.32] **",ok
MDMA,lack of appetite,1.048793206954383,0.09301417465664841,2.0045722392521177,2.8542046045996026,1.0974772915216162,7.422917984592412,0.03149964275731897,0.031,*,9,40.09156953376926,0.8492872080430066,13.342521478616673,0.10059536884062611,"1.049 [0.093, 2.005] *","2.85 [1.10, 7.42] *",ok
MDMA,muscle spasms,NA,NA,NA,NA,NA,NA,NA,,,1,NA,NA,NA,NA,,,insufficient_k
MDMA,muscle tension,0.8533299875294165,-0.2731914008149283,1.9798513758737613,2.3474508331347868,0.7609471277892967,7.241666618802257,0.13763513660704113,0.138,,8,49.04660986594275,1.2712096678883062,13.44611680459041,0.061956589690720223,"0.853 [-0.273, 1.980]","2.35 [0.76, 7.24]",ok
MDMA,muscle tightness,NA,NA,NA,NA,NA,NA,NA,,,1,NA,NA,NA,NA,,,insufficient_k
MDMA,myalgia,NA,NA,NA,NA,NA,NA,NA,,,1,NA,NA,NA,NA,,,insufficient_k
MDMA,mydriasis,NA,NA,NA,NA,NA,NA,NA,,,1,NA,NA,NA,NA,,,insufficient_k
MDMA,nausea,1.392062698634443,0.556013418068518,2.228111979200368,4.023140025634333,1.7437071940453712,9.282324303721296,0.0011007030466894845,0.001,**,9,25.69710530729467,0.409312503363496,10.057086477043072,0.261042040435906,"1.392 [0.556, 2.228] **","4.02 [1.74, 9.28] **",ok
MDMA,neck pain,NA,NA,NA,NA,NA,NA,NA,,,1,NA,NA,NA,NA,,,insufficient_k
MDMA,nightmare,NA,NA,NA,NA,NA,NA,NA,,,1,NA,NA,NA,NA,,,insufficient_k
MDMA,nystagmus,NA,NA,NA,NA,NA,NA,NA,,,1,NA,NA,NA,NA,,,insufficient_k
MDMA,ophthalmological,0.6191411650842575,-1.0432650751798214,2.2815474053483364,1.8573322149121867,0.3523025078406661,9.791820608074634,0.46541304455279386,0.465,,4,44.512048971299,1.2759285636675537,5.326295270384001,0.14940520237117902,"0.619 [-1.043, 2.282]","1.86 [0.35, 9.79]",ok
MDMA,pain,0.26779143720182697,-1.0104274301276268,1.5460103045312805,1.3070745044690355,0.3640633346726301,4.6927102993473,0.681351574225227,0.681,,6,24.76224779598842,0.6296583083322145,5.868241712503337,0.31925146178083863,"0.268 [-1.010, 1.546]","1.31 [0.36, 4.69]",ok
MDMA,pain in jaw,NA,NA,NA,NA,NA,NA,NA,,,1,NA,NA,NA,NA,,,insufficient_k
MDMA,palpitations,NA,NA,NA,NA,NA,NA,NA,,,1,NA,NA,NA,NA,,,insufficient_k
MDMA,panic attack,NA,NA,NA,NA,NA,NA,NA,,,1,NA,NA,NA,NA,,,insufficient_k
MDMA,paraesthesia,NA,NA,NA,NA,NA,NA,NA,,,1,NA,NA,NA,NA,,,insufficient_k
MDMA,perspiration,0.2827813847214685,-0.8046360084867726,1.3701987779297098,1.3268150680631847,0.4472506923911841,3.93613303408765,0.6102715219378774,0.610,,7,36.66841741449924,0.7820652235688581,9.30474793048954,0.1571506821315306,"0.283 [-0.805, 1.370]","1.33 [0.45, 3.94]",ok
MDMA,restlessness,0.8070398904601682,0.025743406825798454,1.588336374094538,2.2412637714543995,1.026077630175944,4.895597706747245,0.04291420805033439,0.043,*,9,15.05524519414158,0.21455224144451385,8.645744516248495,0.37305575658155665,"0.807 [0.026, 1.588] *","2.24 [1.03, 4.90] *",ok
MDMA,rumination,0.23371340656139877,-0.7521986950491963,1.2196255081719938,1.2632823918778542,0.4713291036751011,3.385919496982121,0.6422069643791836,0.642,,6,4.255641693606259e-5,6.597132365993888e-7,4.613606837698692,0.4648285901305334,"0.234 [-0.752, 1.220]","1.26 [0.47, 3.39]",ok
MDMA,sleep disorder,1.1808565544008094,0.5010500283055314,1.8606630804960873,3.2571629456194606,1.6504533839271067,6.4279976384870725,6.627280616406604e-4,<0.001,***,13,7.67646645689516,0.12011464329377057,13.194033653081902,0.35509671601402326,"1.181 [0.501, 1.861] ***","3.26 [1.65, 6.43] ***",ok
MDMA,suicidal ideation,NA,NA,NA,NA,NA,NA,NA,,,1,NA,NA,NA,NA,,,insufficient_k
MDMA,temperature perception disturbances,NA,NA,NA,NA,NA,NA,NA,,,1,NA,NA,NA,NA,,,insufficient_k
MDMA,thirst,0.20350937012984086,-1.1486436678797252,1.555662408139407,1.2256966425240854,0.31706652537987307,4.738224124085292,0.7680018514282849,0.768,,2,0,0,0.027174889605577065,0.869063559022009,"0.204 [-1.149, 1.556]","1.23 [0.32, 4.74]",ok
MDMA,tremor,NA,NA,NA,NA,NA,NA,NA,,,1,NA,NA,NA,NA,,,insufficient_k
MDMA,upper respiratory tract infection,NA,NA,NA,NA,NA,NA,NA,,,1,NA,NA,NA,NA,,,insufficient_k
MDMA,vision blurred,NA,NA,NA,NA,NA,NA,NA,,,1,NA,NA,NA,NA,,,insufficient_k
MDMA,visual impairment,NA,NA,NA,NA,NA,NA,NA,,,1,NA,NA,NA,NA,,,insufficient_k
MDMA,vomiting,NA,NA,NA,NA,NA,NA,NA,,,1,NA,NA,NA,NA,,,insufficient_k
MDMA,weakness,-0.19739415001930646,-1.535915954381782,1.1411276543431692,0.8208670247880261,0.21525843393843905,3.1302962678667905,0.7725512922685338,0.773,,4,0,0,1.6055003069749731,0.6581433060385287,"-0.197 [-1.536, 1.141]","0.82 [0.22, 3.13]",ok
MDMA,xerostomia,0.9280889238028228,-0.2168583685440405,2.0730362161496863,2.5296701627927662,0.8050439807821147,7.948921158701183,0.11211963611190574,0.112,,4,0,0,2.4755672561088895,0.4797228139550237,"0.928 [-0.217, 2.073]","2.53 [0.81, 7.95]",ok
PSILOCYBIN,abdominal pain,1.0451906432151856,-0.34289789964245077,2.433279186072822,2.8439406499630815,0.7097106695742712,11.39619110610824,0.13999856845807354,0.140,,4,0,0,1.5205539791933766,0.6775346722139677,"1.045 [-0.343, 2.433]","2.84 [0.71, 11.40]",ok
PSILOCYBIN,alcohol intoxication,NA,NA,NA,NA,NA,NA,NA,,,1,NA,NA,NA,NA,,,insufficient_k
PSILOCYBIN,anemia,NA,NA,NA,NA,NA,NA,NA,,,1,NA,NA,NA,NA,,,insufficient_k
PSILOCYBIN,anger,NA,NA,NA,NA,NA,NA,NA,,,1,NA,NA,NA,NA,,,insufficient_k
PSILOCYBIN,anxiety,1.1396673854794444,-1.1549262973965224,3.4342610683554113,3.1257285295672803,0.31508075831985727,31.00849094260635,0.33032216268811093,0.330,,7,78.08467079512619,7.427434011489258,26.3201563908284,1.940495122460208e-4,"1.140 [-1.155, 3.434]","3.13 [0.32, 31.01]",ok
PSILOCYBIN,any adverse event,NA,NA,NA,NA,NA,NA,NA,,,1,NA,NA,NA,NA,,,insufficient_k
PSILOCYBIN,arthralgia,NA,NA,NA,NA,NA,NA,NA,,,1,NA,NA,NA,NA,,,insufficient_k
PSILOCYBIN,back pain,0.988593805743609,-0.9244548064791724,2.90164241796639,2.6874527334445686,0.39674766437788983,18.20401943845993,0.31113756557585964,0.311,,3,11.223109200302043,0.3288674809309232,2.018202150455826,0.36454653223526917,"0.989 [-0.924, 2.902]","2.69 [0.40, 18.20]",ok
PSILOCYBIN,biopsy,NA,NA,NA,NA,NA,NA,NA,,,1,NA,NA,NA,NA,,,insufficient_k
PSILOCYBIN,bronchitis,NA,NA,NA,NA,NA,NA,NA,,,1,NA,NA,NA,NA,,,insufficient_k
PSILOCYBIN,bronchitis bacterial,NA,NA,NA,NA,NA,NA,NA,,,1,NA,NA,NA,NA,,,insufficient_k
PSILOCYBIN,cataract,NA,NA,NA,NA,NA,NA,NA,,,1,NA,NA,NA,NA,,,insufficient_k
PSILOCYBIN,constipation,NA,NA,NA,NA,NA,NA,NA,,,1,NA,NA,NA,NA,,,insufficient_k
PSILOCYBIN,contact dermatitis,NA,NA,NA,NA,NA,NA,NA,,,1,NA,NA,NA,NA,,,insufficient_k
PSILOCYBIN,corona virus infection,NA,NA,NA,NA,NA,NA,NA,,,1,NA,NA,NA,NA,,,insufficient_k
PSILOCYBIN,cough,NA,NA,NA,NA,NA,NA,NA,,,1,NA,NA,NA,NA,,,insufficient_k
PSILOCYBIN,cystitis,NA,NA,NA,NA,NA,NA,NA,,,1,NA,NA,NA,NA,,,insufficient_k
PSILOCYBIN,depressed mood,2.257275759118978,0.17435666789997972,4.340194850337976,9.557018051612523,1.190480096143552,76.72248728451989,0.033667773413525275,0.034,*,2,0,0,0.0630087977152026,0.8018021001305602,"2.257 [0.174, 4.340] *","9.56 [1.19, 76.72] *",ok
PSILOCYBIN,depression,NA,NA,NA,NA,NA,NA,NA,,,1,NA,NA,NA,NA,,,insufficient_k
PSILOCYBIN,diarrhea,-1.8275878582583436,-5.4090353070628,1.753859590546113,0.160800975090768,0.004475956052473939,5.776856002830992,0.31723498833011726,0.317,,3,78.52854452671396,7.8227412645587915,10.1033121900725,0.006398727765382062,"-1.828 [-5.409, 1.754]","0.16 [0.00, 5.78]",ok
PSILOCYBIN,diverticulitis,NA,NA,NA,NA,NA,NA,NA,,,1,NA,NA,NA,NA,,,insufficient_k
PSILOCYBIN,dizziness,1.2777819479987862,-0.06990078182357706,2.6254646778211495,3.5886710323832727,0.9324863349099765,13.810990356132285,0.06312560436904129,0.063,,5,0,0,1.833184637270354,0.7664057547673032,"1.278 [-0.070, 2.625]","3.59 [0.93, 13.81]",ok
PSILOCYBIN,dyspepsia,NA,NA,NA,NA,NA,NA,NA,,,1,NA,NA,NA,NA,,,insufficient_k
PSILOCYBIN,dysphoria,NA,NA,NA,NA,NA,NA,NA,,,1,NA,NA,NA,NA,,,insufficient_k
PSILOCYBIN,dyspnea,NA,NA,NA,NA,NA,NA,NA,,,1,NA,NA,NA,NA,,,insufficient_k
PSILOCYBIN,edema,NA,NA,NA,NA,NA,NA,NA,,,1,NA,NA,NA,NA,,,insufficient_k
PSILOCYBIN,endodontic procedure,NA,NA,NA,NA,NA,NA,NA,,,1,NA,NA,NA,NA,,,insufficient_k
PSILOCYBIN,euphoric mood,2.3846361428184193,0.31590423173365156,4.453368053903187,10.85511223572425,1.3714989032641847,85.91582637778653,0.02386728567454032,0.024,*,2,0,0,0.016259740964682357,0.8985338391120481,"2.385 [0.316, 4.453] *","10.86 [1.37, 85.92] *",ok
PSILOCYBIN,eye infection,NA,NA,NA,NA,NA,NA,NA,,,1,NA,NA,NA,NA,,,insufficient_k
PSILOCYBIN,fatigue,0.19396055471258844,-2.1091382239052825,2.4970593333304594,1.214048393523919,0.12134249144673616,12.146721929349782,0.8688946317112816,0.869,,6,77.94124023826592,6.333622962551933,29.311071981852425,2.0146447231220926e-5,"0.194 [-2.109, 2.497]","1.21 [0.12, 12.15]",ok
PSILOCYBIN,feeling abnormal,-1.9773248954069613,-9.115887448057732,5.1612376572438095,0.13843908142707143,1.0990574225982752e-4,174.38014495241347,0.5872025169973318,0.587,,2,91.09421617507859,24.168699115104502,11.228657911071892,8.054386811410464e-4,"-1.977 [-9.116, 5.161]","0.14 [0.00, 174.38]",ok
PSILOCYBIN,food allergy,NA,NA,NA,NA,NA,NA,NA,,,1,NA,NA,NA,NA,,,insufficient_k
PSILOCYBIN,food poisoning,NA,NA,NA,NA,NA,NA,NA,,,1,NA,NA,NA,NA,,,insufficient_k
PSILOCYBIN,fungal infection,NA,NA,NA,NA,NA,NA,NA,,,1,NA,NA,NA,NA,,,insufficient_k
PSILOCYBIN,gingivitis,NA,NA,NA,NA,NA,NA,NA,,,1,NA,NA,NA,NA,,,insufficient_k
PSILOCYBIN,headache,2.3475695901197153,1.0931258575136757,3.602013322725755,10.460116435959588,2.9835857754667194,36.67199272550372,2.445678005812201e-4,<0.001,***,9,71.28967309001784,2.312817257408247,29.320997565390858,2.784808730057161e-4,"2.348 [1.093, 3.602] ***","10.46 [2.98, 36.67] ***",ok
PSILOCYBIN,hospitalisation,0.6971828995938048,-1.7923425753909907,3.1867083745786005,2.0080877470279193,0.16656951063507064,24.208610473726477,0.5830870789561835,0.583,,2,0,0,0.20153777567450176,0.6534824505639704,"0.697 [-1.792, 3.187]","2.01 [0.17, 24.21]",ok
PSILOCYBIN,hyperglycemia,NA,NA,NA,NA,NA,NA,NA,,,1,NA,NA,NA,NA,,,insufficient_k
PSILOCYBIN,hypertension,2.0330521227412204,-0.4061148648160793,4.47221911029852,7.637360985349941,0.6662336362255086,87.55079246824751,0.1023354816131288,0.102,,4,69.70036066896412,4.3016340910329065,9.529744169864445,0.023017028651367708,"2.033 [-0.406, 4.472]","7.64 [0.67, 87.55]",ok
PSILOCYBIN,hyperventilation,NA,NA,NA,NA,NA,NA,NA,,,1,NA,NA,NA,NA,,,insufficient_k
PSILOCYBIN,hypoesthesia,NA,NA,NA,NA,NA,NA,NA,,,1,NA,NA,NA,NA,,,insufficient_k
PSILOCYBIN,hypoglycemia,NA,NA,NA,NA,NA,NA,NA,,,1,NA,NA,NA,NA,,,insufficient_k
PSILOCYBIN,hyponatremia,NA,NA,NA,NA,NA,NA,NA,,,1,NA,NA,NA,NA,,,insufficient_k
PSILOCYBIN,illusion,0.8276795431012045,0.025467535353175474,1.6298915508492335,2.288003362409869,1.0257946036703463,5.10332123767069,0.04315711377230959,0.043,*,2,0,0,0.425578153860605,0.5141666960316621,"0.828 [0.025, 1.630] *","2.29 [1.03, 5.10] *",ok
PSILOCYBIN,influenza,NA,NA,NA,NA,NA,NA,NA,,,1,NA,NA,NA,NA,,,insufficient_k
PSILOCYBIN,influenza like illness,NA,NA,NA,NA,NA,NA,NA,,,1,NA,NA,NA,NA,,,insufficient_k
PSILOCYBIN,intentional selfâ€‘injury,1.6614094278110374,-0.49714763529988226,3.8199664909219573,5.266728689648661,0.6082631760655369,45.60268019147628,0.13141247122422997,0.131,,2,0,0,5.788131969876222e-4,0.9808059165142661,"1.661 [-0.497, 3.820]","5.27 [0.61, 45.60]",ok
PSILOCYBIN,irritability,1.9790681329221043,-0.13811054642147402,4.096246812265683,7.235996855155889,0.8710024002251148,60.1142436281385,0.06693517217984733,0.067,,2,0,0,0.06731654878937196,0.7952847159654375,"1.979 [-0.138, 4.096]","7.24 [0.87, 60.11]",ok
PSILOCYBIN,limb injury,NA,NA,NA,NA,NA,NA,NA,,,1,NA,NA,NA,NA,,,insufficient_k
PSILOCYBIN,lower resp. tract congestion,NA,NA,NA,NA,NA,NA,NA,,,1,NA,NA,NA,NA,,,insufficient_k
PSILOCYBIN,malignant melanoma,NA,NA,NA,NA,NA,NA,NA,,,1,NA,NA,NA,NA,,,insufficient_k
PSILOCYBIN,mallory-weiss syndrom,NA,NA,NA,NA,NA,NA,NA,,,1,NA,NA,NA,NA,,,insufficient_k
PSILOCYBIN,memory impairment,NA,NA,NA,NA,NA,NA,NA,,,1,NA,NA,NA,NA,,,insufficient_k
PSILOCYBIN,migraine,-1.536494650698993,-4.489386497072394,1.4163971956744075,0.21513390071240532,0.011227529819493534,4.122242022940612,0.30780483794569663,0.308,,3,73.46222378653496,4.938451838275632,8.182069553942094,0.01672192114397,"-1.536 [-4.489, 1.416]","0.22 [0.01, 4.12]",ok
PSILOCYBIN,mood altered,2.5056512839817557,0.43838312504565513,4.572919442917856,12.251535596879206,1.5501987136141606,96.82637662087345,0.017520810852809713,0.018,*,2,0,0,0.18224715450616885,0.6694491416672316,"2.506 [0.438, 4.573] *","12.25 [1.55, 96.83] *",ok
PSILOCYBIN,muscle strain,NA,NA,NA,NA,NA,NA,NA,,,1,NA,NA,NA,NA,,,insufficient_k
PSILOCYBIN,musculoskeletal pain,NA,NA,NA,NA,NA,NA,NA,,,1,NA,NA,NA,NA,,,insufficient_k
PSILOCYBIN,myalgia,1.3135169332395455,-0.37064570896259763,2.9976795754416887,3.719231025120471,0.6902884612557079,20.038983982226156,0.1263585005848069,0.126,,3,0,0,1.5870816468495321,0.4522406526688685,"1.314 [-0.371, 2.998]","3.72 [0.69, 20.04]",ok
PSILOCYBIN,nasal congestion,NA,NA,NA,NA,NA,NA,NA,,,1,NA,NA,NA,NA,,,insufficient_k
PSILOCYBIN,nausea,1.3917528724432546,-0.10990271662365392,2.8934084615101634,4.021893744558802,0.8959212893051054,18.05474374324486,0.0692908372652159,0.069,,8,78.8798274774346,3.3182996816687176,37.93495843248868,3.117676006495161e-6,"1.392 [-0.110, 2.893]","4.02 [0.90, 18.05]",ok
PSILOCYBIN,oropharyngeal pain,NA,NA,NA,NA,NA,NA,NA,,,1,NA,NA,NA,NA,,,insufficient_k
PSILOCYBIN,pain,NA,NA,NA,NA,NA,NA,NA,,,1,NA,NA,NA,NA,,,insufficient_k
PSILOCYBIN,pain in extremity,NA,NA,NA,NA,NA,NA,NA,,,1,NA,NA,NA,NA,,,insufficient_k
PSILOCYBIN,palpitations,-2.579770764494796,-7.349735784086441,2.19019425509685,0.07579137610601205,6.427621659147727e-4,8.93694899398396,0.2891355515007021,0.289,,2,86.0006311277484,10.198148263316991,7.143179161327174,0.007524963830640298,"-2.580 [-7.350, 2.190]","0.08 [0.00, 8.94]",ok
PSILOCYBIN,panic reaction,1.7550424920573149,-0.41439545266274047,3.9244804367773702,5.783693497771002,0.6607396083574407,50.62676741797881,0.11283433783632417,0.113,,2,0,0,0.23839266722317767,0.6253694329214644,"1.755 [-0.414, 3.924]","5.78 [0.66, 50.63]",ok
PSILOCYBIN,paresthesia,2.1460184393746333,0.05351181135776972,4.238525067391497,8.550745219916877,1.0549694523156405,69.30555539351833,0.044422058538460873,0.044,*,2,0,0,0.022302357751704034,0.8812855593702202,"2.146 [0.054, 4.239] *","8.55 [1.05, 69.31] *",ok
PSILOCYBIN,peripheral swelling,NA,NA,NA,NA,NA,NA,NA,,,1,NA,NA,NA,NA,,,insufficient_k
PSILOCYBIN,photopsia,NA,NA,NA,NA,NA,NA,NA,,,1,NA,NA,NA,NA,,,insufficient_k
PSILOCYBIN,physical pain,NA,NA,NA,NA,NA,NA,NA,,,1,NA,NA,NA,NA,,,insufficient_k
PSILOCYBIN,pneumonia,NA,NA,NA,NA,NA,NA,NA,,,1,NA,NA,NA,NA,,,insufficient_k
PSILOCYBIN,psychomotor hyperactivity,NA,NA,NA,NA,NA,NA,NA,,,1,NA,NA,NA,NA,,,insufficient_k
PSILOCYBIN,pyrexia,NA,NA,NA,NA,NA,NA,NA,,,1,NA,NA,NA,NA,,,insufficient_k
PSILOCYBIN,restlessness,-3.015793851263239,-5.911277409191253,-0.12031029333522492,0.04900691583880863,0.0027087245268247176,0.8866452739095698,0.04121083756598503,0.041,*,2,61.84101864327595,2.825654193483975,2.6206150280890252,0.10548354898429346,"-3.016 [-5.911, -0.120] *","0.05 [0.00, 0.89] *",ok
PSILOCYBIN,rhinorrhea,NA,NA,NA,NA,NA,NA,NA,,,1,NA,NA,NA,NA,,,insufficient_k
PSILOCYBIN,sedation,NA,NA,NA,NA,NA,NA,NA,,,1,NA,NA,NA,NA,,,insufficient_k
PSILOCYBIN,sexual abuse,NA,NA,NA,NA,NA,NA,NA,,,1,NA,NA,NA,NA,,,insufficient_k
PSILOCYBIN,sinus congestion,NA,NA,NA,NA,NA,NA,NA,,,1,NA,NA,NA,NA,,,insufficient_k
PSILOCYBIN,sinus headache,NA,NA,NA,NA,NA,NA,NA,,,1,NA,NA,NA,NA,,,insufficient_k
PSILOCYBIN,skin cosmetic procedure,NA,NA,NA,NA,NA,NA,NA,,,1,NA,NA,NA,NA,,,insufficient_k
PSILOCYBIN,sleep disorder,0.5051748736229635,-2.4999103986443942,3.5102601458903213,1.657275308859447,0.08209235388056596,33.45697034526597,0.7417906293981059,0.742,,5,84.36619797975082,9.835458617816267,29.330785322942845,6.6964121753262125e-6,"0.505 [-2.500, 3.510]","1.66 [0.08, 33.46]",ok
PSILOCYBIN,stress,NA,NA,NA,NA,NA,NA,NA,,,1,NA,NA,NA,NA,,,insufficient_k
PSILOCYBIN,suicidal behavior,1.2794431425893704,-1.0955447545305217,3.6544310397092623,3.594637467622561,0.3343574146116395,38.6455270885628,0.29103068846963503,0.291,,2,0,0,0.5894618053432613,0.44262731073970674,"1.279 [-1.096, 3.654]","3.59 [0.33, 38.65]",ok
PSILOCYBIN,suicidal ideation,1.457740710844242,0.30105457394904667,2.6144268477394372,4.296242102049068,1.3512830843799728,13.659385226366675,0.013507892187475716,0.014,*,6,0,0,3.342566170288537,0.6473313915694635,"1.458 [0.301, 2.614] *","4.30 [1.35, 13.66] *",ok
PSILOCYBIN,surgery,NA,NA,NA,NA,NA,NA,NA,,,1,NA,NA,NA,NA,,,insufficient_k
PSILOCYBIN,tachycardia,NA,NA,NA,NA,NA,NA,NA,,,1,NA,NA,NA,NA,,,insufficient_k
PSILOCYBIN,temperature perception disturbances,NA,NA,NA,NA,NA,NA,NA,,,1,NA,NA,NA,NA,,,insufficient_k
PSILOCYBIN,testicular pain,NA,NA,NA,NA,NA,NA,NA,,,1,NA,NA,NA,NA,,,insufficient_k
PSILOCYBIN,thinking abnormal,1.4777117434451963,-0.8764881769753678,3.8319116638657604,4.382904986393217,0.4162421165960714,46.15067854460318,0.218602333630161,0.219,,2,0,0,0.8455793995455667,0.35780591972720527,"1.478 [-0.876, 3.832]","4.38 [0.42, 46.15]",ok
PSILOCYBIN,thrombocytosis,NA,NA,NA,NA,NA,NA,NA,,,1,NA,NA,NA,NA,,,insufficient_k
PSILOCYBIN,toothache,NA,NA,NA,NA,NA,NA,NA,,,1,NA,NA,NA,NA,,,insufficient_k
PSILOCYBIN,traumatic lung injury,NA,NA,NA,NA,NA,NA,NA,,,1,NA,NA,NA,NA,,,insufficient_k
PSILOCYBIN,upper respiratory tract infection,NA,NA,NA,NA,NA,NA,NA,,,1,NA,NA,NA,NA,,,insufficient_k
PSILOCYBIN,urinary incontinence,NA,NA,NA,NA,NA,NA,NA,,,1,NA,NA,NA,NA,,,insufficient_k
PSILOCYBIN,viral upper resp. tract infection,NA,NA,NA,NA,NA,NA,NA,,,1,NA,NA,NA,NA,,,insufficient_k
PSILOCYBIN,vomiting,-1.8584661819024997,-6.615102022949609,2.898169659144609,0.15591158707695615,0.0013399780805526881,18.14091091313151,0.44380844394739694,0.444,,2,90.15512133167252,10.631234629942089,10.15756550882801,0.001437102681222219,"-1.858 [-6.615, 2.898]","0.16 [0.00, 18.14]",ok
PSILOCYBIN,withdrawal syndrome,0.4421218497560799,-1.6704909123892087,2.5547346119013685,1.5560053277529344,0.1881546755015795,12.867884221007266,0.6816768971478804,0.682,,2,0,0,0.29262474921053533,0.5885434182164548,"0.442 [-1.670, 2.555]","1.56 [0.19, 12.87]",ok
PSILOCYBIN,xerostomia,NA,NA,NA,NA,NA,NA,NA,,,1,NA,NA,NA,NA,,,insufficient_k
