molecule,time_window,ae_term,k,log_or,se,z,pval,ci_lb,ci_ub,tau2,I2,QE,QEp,or,or_ci_lb,or_ci_ub,stars,pval_fmt,QEp_fmt,status,log_or_ci,or_ci
AYAHUASCA,session,anxiety,2,-0.37242518213831277,1.5370605662034322,-0.24229701179453833,0.8085500290462433,-3.385008533953783,2.6401581696771577,3.6514600359200085,76.43400347940755,4.243402137169037,0.039403132244632384,0.6890612037151793,0.03387735323667389,14.015420246922124,,0.809,0.039,ok,"-0.372 [-3.385, 2.640]","0.69 [0.03, 14.02]"
AYAHUASCA,session,confusion,1,NA,NA,NA,NA,NA,NA,NA,NA,NA,NA,NA,NA,NA,,,,insufficient_k,,
AYAHUASCA,session,diarrhea,1,NA,NA,NA,NA,NA,NA,NA,NA,NA,NA,NA,NA,NA,,,,insufficient_k,,
AYAHUASCA,session,dissociation,1,NA,NA,NA,NA,NA,NA,NA,NA,NA,NA,NA,NA,NA,,,,insufficient_k,,
AYAHUASCA,session,distress,1,NA,NA,NA,NA,NA,NA,NA,NA,NA,NA,NA,NA,NA,,,,insufficient_k,,
AYAHUASCA,session,drowsiness,1,NA,NA,NA,NA,NA,NA,NA,NA,NA,NA,NA,NA,NA,,,,insufficient_k,,
AYAHUASCA,session,headache,2,-0.13534681759965,0.9798761773039387,-0.13812644978475483,0.8901404822260746,-2.055868834424154,1.7851751992248541,1.0659190342732394,54.560794105952105,2.200742685362357,0.1379442619511363,0.8734129441730367,0.12798159244542393,5.960624152839165,,0.890,0.138,ok,"-0.135 [-2.056, 1.785]","0.87 [0.13, 5.96]"
AYAHUASCA,session,hypertension,1,NA,NA,NA,NA,NA,NA,NA,NA,NA,NA,NA,NA,NA,,,,insufficient_k,,
AYAHUASCA,session,nausea,2,0.9125987485576467,1.0738301018341603,0.8498539452366611,0.395406293319292,-1.192069576552286,3.017267073667579,1.4930216593233765,64.53585544730929,2.819749390865059,0.09311094003668936,2.490787059185552,0.3035923059348791,20.435366947464665,,0.395,0.093,ok,"0.913 [-1.192, 3.017]","2.49 [0.30, 20.44]"
AYAHUASCA,session,restlessness,1,NA,NA,NA,NA,NA,NA,NA,NA,NA,NA,NA,NA,NA,,,,insufficient_k,,
AYAHUASCA,session,tachycardia,1,NA,NA,NA,NA,NA,NA,NA,NA,NA,NA,NA,NA,NA,,,,insufficient_k,,
AYAHUASCA,session,vomiting,2,0.39527295090952,0.9919388686848777,0.39848519237236546,0.6902725712751417,-1.548891506578246,2.339437408397286,1.1686011017958424,58.87488485387112,2.4316041339865544,0.11891115826775137,1.4847894102358776,0.2124833797583692,10.375397808786836,,0.690,0.119,ok,"0.395 [-1.549, 2.339]","1.48 [0.21, 10.38]"
LSD,session,ADHD_exacerbation,1,NA,NA,NA,NA,NA,NA,NA,NA,NA,NA,NA,NA,NA,,,,insufficient_k,,
LSD,session,Balance_disorder,4,-0.21559938212971108,0.47110286698319354,-0.457648206452971,0.6472052041129124,-1.138944034430334,0.7077452701709119,0,0,1.9125013484295983,0.5907644528292698,0.806058158500882,0.3201569180638699,2.0294103242092514,,0.647,0.591,ok,"-0.216 [-1.139, 0.708]","0.81 [0.32, 2.03]"
LSD,session,COVID19,1,NA,NA,NA,NA,NA,NA,NA,NA,NA,NA,NA,NA,NA,,,,insufficient_k,,
LSD,session,Fatigue,4,0.13758692367743225,0.4191192593897074,0.3282763094155512,0.7427027549023267,-0.6838717299534951,0.9590455773083595,0,0,1.1156402574032294,0.7732998679682369,1.1475014466826992,0.5046593004540356,2.6092050001936262,,0.743,0.773,ok,"0.138 [-0.684, 0.959]","1.15 [0.50, 2.61]"
LSD,session,Mydriasis,4,0.5733004896238489,0.4052016523134466,1.4148522997146327,0.15711180612980594,-0.22088015538662742,1.3674811346343252,5.156438817991279e-7,7.587548760478335e-5,3.0521516710893715,0.3836540992008008,1.774112840165085,0.8018127674734297,3.9254505507021933,,0.157,0.384,ok,"0.573 [-0.221, 1.367]","1.77 [0.80, 3.93]"
LSD,session,Pseudo_hallucination,4,-0.10316816392799724,0.4581109328479282,-0.22520345298601363,0.8218210033496416,-1.0010490932339837,0.7947127653779892,2.12535304958678e-6,2.4130308023932623e-4,1.8343098141204817,0.6074973483614953,0.9019752810210611,0.3674937037114458,2.213805024022465,,0.822,0.607,ok,"-0.103 [-1.001, 0.795]","0.90 [0.37, 2.21]"
LSD,session,Tremor,4,0.04744317743826898,0.5405727146763232,0.08776465431977336,0.9300637310903112,-1.0120598743523712,1.106946229228909,0.3004558739132997,25.48278372251358,4.22424552016241,0.23824563172953664,1.0485866160506923,0.3634695064121329,3.025106293549412,,0.930,0.238,ok,"0.047 [-1.012, 1.107]","1.05 [0.36, 3.03]"
LSD,session,Vomiting,4,-0.22560887454864711,0.4779728014738101,-0.47201195100012205,0.6369182582530029,-1.162418351027028,0.7112006019297339,0,0,2.4991932668789634,0.47543689572567394,0.7980301705433026,0.31272897721627796,2.0364347390070496,,0.637,0.475,ok,"-0.226 [-1.162, 0.711]","0.80 [0.31, 2.04]"
LSD,session,affect liability,1,NA,NA,NA,NA,NA,NA,NA,NA,NA,NA,NA,NA,NA,,,,insufficient_k,,
LSD,session,altered perception of music,1,NA,NA,NA,NA,NA,NA,NA,NA,NA,NA,NA,NA,NA,,,,insufficient_k,,
LSD,session,altered state of consciousness,4,-0.6093120998857496,0.6372991555089499,-0.9560849008173412,0.339029342554169,-1.8583954920610823,0.6397712922895832,0.4186255099105971,25.213130686795125,3.4919376794144585,0.3218092831562251,0.5437247687874975,0.15592260883188022,1.8960471891012334,,0.339,0.322,ok,"-0.609 [-1.858, 0.640]","0.54 [0.16, 1.90]"
LSD,session,anemia,1,NA,NA,NA,NA,NA,NA,NA,NA,NA,NA,NA,NA,NA,,,,insufficient_k,,
LSD,session,anger,1,NA,NA,NA,NA,NA,NA,NA,NA,NA,NA,NA,NA,NA,,,,insufficient_k,,
LSD,session,anxiety,7,0.02087184018193053,0.356587030936135,0.05853224702854853,0.9533246771029105,-0.678025897806964,0.7197695781708251,0,0,3.184713656278019,0.7853317950019151,1.021091180391579,0.5076180938944953,2.0539598789206486,,0.953,0.785,ok,"0.021 [-0.678, 0.720]","1.02 [0.51, 2.05]"
LSD,session,anxiety_worsening,1,NA,NA,NA,NA,NA,NA,NA,NA,NA,NA,NA,NA,NA,,,,insufficient_k,,
LSD,session,attention disturbance,5,-0.7604762750827888,0.6632545030097046,-1.1465829054034506,0.25155404489071403,-2.0604312135658227,0.539478663400245,0.5643530041714961,25.416885142634452,4.232076046099821,0.3755079288342931,0.4674437421774955,0.12739902186200416,1.7151124781599911,,0.252,0.376,ok,"-0.760 [-2.060, 0.539]","0.47 [0.13, 1.72]"
LSD,session,bradyphrenia,1,NA,NA,NA,NA,NA,NA,NA,NA,NA,NA,NA,NA,NA,,,,insufficient_k,,
LSD,session,chills,1,NA,NA,NA,NA,NA,NA,NA,NA,NA,NA,NA,NA,NA,,,,insufficient_k,,
LSD,session,depersonalization,1,NA,NA,NA,NA,NA,NA,NA,NA,NA,NA,NA,NA,NA,,,,insufficient_k,,
LSD,session,depressed mood,4,-0.45699551888331424,0.5050209102112619,-0.9049041527649666,0.3655161668142145,-1.446818314337024,0.5328272765703954,0,0,1.938420799681293,0.5852855481737135,0.633183177424104,0.23531780556860118,1.7037424567347736,,0.366,0.585,ok,"-0.457 [-1.447, 0.533]","0.63 [0.24, 1.70]"
LSD,session,depression,1,NA,NA,NA,NA,NA,NA,NA,NA,NA,NA,NA,NA,NA,,,,insufficient_k,,
LSD,session,depression_worsening,1,NA,NA,NA,NA,NA,NA,NA,NA,NA,NA,NA,NA,NA,,,,insufficient_k,,
LSD,session,derealization,1,NA,NA,NA,NA,NA,NA,NA,NA,NA,NA,NA,NA,NA,,,,insufficient_k,,
LSD,session,dizziness,6,0.0021994717925337692,0.28998876522487654,0.007584679326553058,0.9939483594892424,-0.5661680639694655,0.570567007554533,0,0,2.124869219546725,0.8316111742438563,1.0022018924049811,0.5676966533252567,1.7692699565108383,,0.994,0.832,ok,"0.002 [-0.566, 0.571]","1.00 [0.57, 1.77]"
LSD,session,emotional distress,5,-0.3599515989433049,0.4967926637879841,-0.7245509549169213,0.4687275564775877,-1.3336473277514695,0.6137441298648596,2.3693088529063175e-7,1.8087097815690733e-5,4.097601950136996,0.3929579836459915,0.6977100951596672,0.2635143830787115,1.8473351291124982,,0.469,0.393,ok,"-0.360 [-1.334, 0.614]","0.70 [0.26, 1.85]"
LSD,session,euphoric mood,4,0.7326682647888213,0.38714391845782564,1.8924958648643633,0.05842494408232133,-0.026119872222228335,1.491456401799871,1.6927028922216438e-8,2.7844540695737766e-6,2.8534062619107345,0.4147835859413258,2.0806248656783266,0.974218300896364,4.443562420964487,,0.058,0.415,ok,"0.733 [-0.026, 1.491]","2.08 [0.97, 4.44]"
LSD,session,fatigue,2,-0.9772372036436793,0.6030725491155695,-1.6204305851374556,0.10513981424444793,-2.159237679974958,0.20476327268759975,0,0,3.848632516632701e-4,0.9843481590058033,0.3763494406908426,0.1154130692052856,1.2272345106460731,,0.105,0.984,ok,"-0.977 [-2.159, 0.205]","0.38 [0.12, 1.23]"
LSD,session,feeling abnormal,5,-0.7039342837589084,0.5685064405028473,-1.2382169024088354,0.21563564589276102,-1.818186432123552,0.41031786460573505,1.9112323346151973e-7,1.1219386718116093e-5,5.442656637658044,0.2448161791262191,0.4946354344804728,0.16231986224573378,1.5072968252849572,,0.216,0.245,ok,"-0.704 [-1.818, 0.410]","0.49 [0.16, 1.51]"
LSD,session,feeling of relaxation,1,NA,NA,NA,NA,NA,NA,NA,NA,NA,NA,NA,NA,NA,,,,insufficient_k,,
LSD,session,feeling_intoxicated,2,-1.1656704121500367,0.8327933226818733,-1.3997115255393593,0.16159972101240344,-2.797915331171952,0.4665745068718785,0,0,2.4321641999489705e-4,0.9875571775818857,0.3117136153716887,0.06093696369459852,1.5945228005625405,,0.162,0.988,ok,"-1.166 [-2.798, 0.467]","0.31 [0.06, 1.59]"
LSD,session,femur fracture,1,NA,NA,NA,NA,NA,NA,NA,NA,NA,NA,NA,NA,NA,,,,insufficient_k,,
LSD,session,hallucination,1,NA,NA,NA,NA,NA,NA,NA,NA,NA,NA,NA,NA,NA,,,,insufficient_k,,
LSD,session,hallucination visual,4,1.018766270977025,0.36391189493082193,2.799486043649901,0.005118402910967909,0.30551206336688996,1.7320204785871602,0,0,0.43995199712214444,0.9318711346165137,2.7697755027522315,1.3573198588628022,5.652062250141901,**,0.005,0.932,ok,"1.019 [0.306, 1.732] **","2.77 [1.36, 5.65] **"
LSD,session,headache,8,0.3381292151650791,0.3976690785018958,0.8502778653016824,0.39517061978096496,-0.44128785646386803,1.1175462867940262,0.6102240874687191,51.047729138151276,13.80899694914243,0.05468469995201204,1.402321692927897,0.6432075284771982,3.057343148815268,,0.395,0.055,ok,"0.338 [-0.441, 1.118]","1.40 [0.64, 3.06]"
LSD,session,hypertension,4,0.29216725995149895,0.4012578155320388,0.7281285214696848,0.4665349159822192,-0.49428360700651375,1.0786181269095116,0,0,0.22157386003465956,0.9740336177766297,1.3393270146774208,0.6100077560823509,2.940613187879811,,0.467,0.974,ok,"0.292 [-0.494, 1.079]","1.34 [0.61, 2.94]"
LSD,session,illusion,4,2.6026657753910314,0.40279152862352857,6.461570292417019,1.0362200106905964e-10,1.8132088860110813,3.3921226647709815,0.17339214758907456,26.71735313409294,4.134328602410906,0.24731963437468346,13.499677218138624,6.130086654678429,29.728990022489487,***,<0.001,0.247,ok,"2.603 [1.813, 3.392] ***","13.50 [6.13, 29.73] ***"
LSD,session,illusions,1,NA,NA,NA,NA,NA,NA,NA,NA,NA,NA,NA,NA,NA,,,,insufficient_k,,
LSD,session,impaired gait,3,0.1841865625046257,0.3797069367451843,0.48507557982336935,0.6276227338217877,-0.5600253581959639,0.9283984832052153,0,0,1.4980825069869061,0.47281964969111673,1.2022400950985808,0.5711945792010905,2.5304533671944993,,0.628,0.473,ok,"0.184 [-0.560, 0.928]","1.20 [0.57, 2.53]"
LSD,session,lack of appetite,4,-1.0263455978821918,0.5776899037416612,-1.7766375891886217,0.07562788687263101,-2.158597003448258,0.10590580768387459,0,0,0.8384044349891788,0.8402608432215072,0.35831399432079686,0.11548703534125335,1.1117171563608577,,0.076,0.840,ok,"-1.026 [-2.159, 0.106]","0.36 [0.12, 1.11]"
LSD,session,menorrhagia,1,NA,NA,NA,NA,NA,NA,NA,NA,NA,NA,NA,NA,NA,,,,insufficient_k,,
LSD,session,mydriasis,1,NA,NA,NA,NA,NA,NA,NA,NA,NA,NA,NA,NA,NA,,,,insufficient_k,,
LSD,session,nausea,5,1.4315993197292565,0.5299387084832426,2.7014431986421417,0.006903927185879961,0.3929385370884302,2.4702601023700828,0.8567603029261076,61.29947518492209,10.19659302160869,0.03724315761752476,4.185387615021376,1.4813273398399152,11.825522298040761,**,0.007,0.037,ok,"1.432 [0.393, 2.470] **","4.19 [1.48, 11.83] **"
LSD,session,neoplasm progression,1,NA,NA,NA,NA,NA,NA,NA,NA,NA,NA,NA,NA,NA,,,,insufficient_k,,
LSD,session,palmar-plantar erythrodysaesthesia syndrome,1,NA,NA,NA,NA,NA,NA,NA,NA,NA,NA,NA,NA,NA,,,,insufficient_k,,
LSD,session,paresthesia,4,0.08312107189629031,0.47027428690186623,0.1767501949636372,0.8597046116434408,-0.8385995932866239,1.0048417370792044,0.1245485949364525,13.912345982968988,2.9519132202369422,0.3990987881462403,1.0866733661892036,0.4323155172641659,2.7314749474130307,,0.860,0.399,ok,"0.083 [-0.839, 1.005]","1.09 [0.43, 2.73]"
LSD,session,perseveration,1,NA,NA,NA,NA,NA,NA,NA,NA,NA,NA,NA,NA,NA,,,,insufficient_k,,
LSD,session,perspiration,5,0.5250255839843644,0.39744297283382135,1.3210085971349852,0.1864984976625443,-0.2539483286784565,1.3039994966471853,0,0,3.1954186321527502,0.5256712342162181,1.6905020976050784,0.7757318841025357,3.6840013934884595,,0.186,0.526,ok,"0.525 [-0.254, 1.304]","1.69 [0.78, 3.68]"
LSD,session,pneumonia,1,NA,NA,NA,NA,NA,NA,NA,NA,NA,NA,NA,NA,NA,,,,insufficient_k,,
LSD,session,pruritus,1,NA,NA,NA,NA,NA,NA,NA,NA,NA,NA,NA,NA,NA,,,,insufficient_k,,
LSD,session,serious ae,1,NA,NA,NA,NA,NA,NA,NA,NA,NA,NA,NA,NA,NA,,,,insufficient_k,,
LSD,session,skin lesion,1,NA,NA,NA,NA,NA,NA,NA,NA,NA,NA,NA,NA,NA,,,,insufficient_k,,
LSD,session,sleep disorder,2,-1.1052428095520312,0.45825916780738135,-2.411829129006306,0.01587271840874928,-2.0034142740397956,-0.20707134506426694,0,0,0.08267637237827061,0.7737027118374475,0.3311304708387594,0.13487399941518677,0.8129616471175262,*,0.016,0.774,ok,"-1.105 [-2.003, -0.207] *","0.33 [0.13, 0.81] *"
LSD,session,tachyphrenia,1,NA,NA,NA,NA,NA,NA,NA,NA,NA,NA,NA,NA,NA,,,,insufficient_k,,
LSD,session,temperature perception disturbances,5,-0.4131931244988984,0.7369809186735596,-0.5606564756691066,0.5750317435027783,-1.8576491823923178,1.031262933394521,1.0860631102232794,40.834644118292914,7.1893150007580235,0.12621565533224707,0.6615345119692759,0.15603901881597562,2.804605629073737,,0.575,0.126,ok,"-0.413 [-1.858, 1.031]","0.66 [0.16, 2.80]"
LSD,session,thinking abnormal,5,0.018354567720344148,0.42859822933684494,0.042824646636416414,0.9658413168341584,-0.8216825256175102,0.8583916610581985,0,0,1.837145176530325,0.7656798688894637,1.018524048123679,0.43969124002236815,2.359362985156293,,0.966,0.766,ok,"0.018 [-0.822, 0.858]","1.02 [0.44, 2.36]"
LSD,session,time perception altered,1,NA,NA,NA,NA,NA,NA,NA,NA,NA,NA,NA,NA,NA,,,,insufficient_k,,
MDMA,session,abdominal discomfort,1,NA,NA,NA,NA,NA,NA,NA,NA,NA,NA,NA,NA,NA,,,,insufficient_k,,
MDMA,session,abdominal pain,1,NA,NA,NA,NA,NA,NA,NA,NA,NA,NA,NA,NA,NA,,,,insufficient_k,,
MDMA,session,abdominal pain upper,1,NA,NA,NA,NA,NA,NA,NA,NA,NA,NA,NA,NA,NA,,,,insufficient_k,,
MDMA,session,anxiety,14,1.487344834732903,0.3105012274972587,4.790141561504887,1.6666369079858136e-6,0.8787736116827981,2.095916057783008,0,0,9.373375644512233,0.7441959048453441,4.425329923806862,2.4079448194730806,8.13288775397512,***,<0.001,0.744,ok,"1.487 [0.879, 2.096] ***","4.43 [2.41, 8.13] ***"
MDMA,session,arthralgia,1,NA,NA,NA,NA,NA,NA,NA,NA,NA,NA,NA,NA,NA,,,,insufficient_k,,
MDMA,session,attention disturbance,1,NA,NA,NA,NA,NA,NA,NA,NA,NA,NA,NA,NA,NA,,,,insufficient_k,,
MDMA,session,autonomic,5,1.3528100309199442,0.719275618613904,1.8807950609071205,0.059999802303581505,-0.05694427652107503,2.7625643383609635,1.5097979232738845,58.44929203245395,9.612032394119066,0.047495441462831765,3.86828025962892,0.9446467069008,15.840411084613196,,0.060,0.047,ok,"1.353 [-0.057, 2.763]","3.87 [0.94, 15.84]"
MDMA,session,back pain,1,NA,NA,NA,NA,NA,NA,NA,NA,NA,NA,NA,NA,NA,,,,insufficient_k,,
MDMA,session,binge eating,1,NA,NA,NA,NA,NA,NA,NA,NA,NA,NA,NA,NA,NA,,,,insufficient_k,,
MDMA,session,bruxism,1,NA,NA,NA,NA,NA,NA,NA,NA,NA,NA,NA,NA,NA,,,,insufficient_k,,
MDMA,session,chest discomfort,1,NA,NA,NA,NA,NA,NA,NA,NA,NA,NA,NA,NA,NA,,,,insufficient_k,,
MDMA,session,chills,1,NA,NA,NA,NA,NA,NA,NA,NA,NA,NA,NA,NA,NA,,,,insufficient_k,,
MDMA,session,covid-19,1,NA,NA,NA,NA,NA,NA,NA,NA,NA,NA,NA,NA,NA,,,,insufficient_k,,
MDMA,session,decreased appetite,1,NA,NA,NA,NA,NA,NA,NA,NA,NA,NA,NA,NA,NA,,,,insufficient_k,,
MDMA,session,decreased concentration,5,0.30543216420404495,0.5209917700031131,0.5862514185247492,0.5577065727593956,-0.715692941243832,1.3265572696519219,0,0,3.2665904425082033,0.5142430715325733,1.3572114144747316,0.48885324782588047,3.7680486562637974,,0.558,0.514,ok,"0.305 [-0.716, 1.327]","1.36 [0.49, 3.77]"
MDMA,session,depressed mood,2,0.3967577660318372,0.6682828306544863,0.5936973805585734,0.5527145353652936,-0.9130525135374358,1.7065680456011103,0,0,0.10133701665860712,0.7502310232503836,1.4869956855557882,0.4012973868118638,5.510018857656212,,0.553,0.750,ok,"0.397 [-0.913, 1.707]","1.49 [0.40, 5.51]"
MDMA,session,depression,6,0.24405788995853486,0.5111075115761013,0.47750793019248333,0.6330004752207707,-0.7576944249585125,1.2458102048755821,0.18791937882991896,11.959925063903485,5.503788156501037,0.3575306745427511,1.276418220148537,0.4687459109892429,3.4757497282243976,,0.633,0.358,ok,"0.244 [-0.758, 1.246]","1.28 [0.47, 3.48]"
MDMA,session,diarrhea,1,NA,NA,NA,NA,NA,NA,NA,NA,NA,NA,NA,NA,NA,,,,insufficient_k,,
MDMA,session,dissociation,3,0.10427812116380869,0.6241815310185869,0.1670637722869495,0.8673198708816034,-1.119095199447692,1.3276514417753094,0,0,1.3664078878130999,0.5049964174418226,1.1099091012040092,0.3265751463584785,3.7721738064636687,,0.867,0.505,ok,"0.104 [-1.119, 1.328]","1.11 [0.33, 3.77]"
MDMA,session,dizziness,8,1.5344635874442107,0.3643409231309831,4.211614699380229,2.535517547282154e-5,0.8203685000134077,2.2485586748750137,4.793986619369914e-7,4.3170203568677115e-5,8.285847734297242,0.3080643094269298,4.6388365322886695,2.271336670930068,9.474070774582456,***,<0.001,0.308,ok,"1.534 [0.820, 2.249] ***","4.64 [2.27, 9.47] ***"
MDMA,session,drowsiness,1,NA,NA,NA,NA,NA,NA,NA,NA,NA,NA,NA,NA,NA,,,,insufficient_k,,
MDMA,session,dry mouth,1,NA,NA,NA,NA,NA,NA,NA,NA,NA,NA,NA,NA,NA,,,,insufficient_k,,
MDMA,session,emotional disorder,1,NA,NA,NA,NA,NA,NA,NA,NA,NA,NA,NA,NA,NA,,,,insufficient_k,,
MDMA,session,fatigue,12,1.0296385124589535,0.30886834160662935,3.333583840619987,8.57348284672136e-4,0.4242676869453458,1.6350093379725612,0,0,8.815661010106155,0.6389030843893135,2.8000534672883117,1.5284706906769032,5.12950589598883,***,<0.001,0.639,ok,"1.030 [0.424, 1.635] ***","2.80 [1.53, 5.13] ***"
MDMA,session,feeling abnormal,1,NA,NA,NA,NA,NA,NA,NA,NA,NA,NA,NA,NA,NA,,,,insufficient_k,,
MDMA,session,feeling cold,2,1.3647485383890283,0.6110556117967246,2.233427714338755,0.025520752259471497,0.16710154671635968,2.562395530061697,0,0,0.04851452202124777,0.8256685743350632,3.914738521756916,1.1818742746667226,12.966842600960312,*,0.026,0.826,ok,"1.365 [0.167, 2.562] *","3.91 [1.18, 12.97] *"
MDMA,session,feeling hot,1,NA,NA,NA,NA,NA,NA,NA,NA,NA,NA,NA,NA,NA,,,,insufficient_k,,
MDMA,session,feeling jittery,1,NA,NA,NA,NA,NA,NA,NA,NA,NA,NA,NA,NA,NA,,,,insufficient_k,,
MDMA,session,flushing,1,NA,NA,NA,NA,NA,NA,NA,NA,NA,NA,NA,NA,NA,,,,insufficient_k,,
MDMA,session,genitourinary,1,NA,NA,NA,NA,NA,NA,NA,NA,NA,NA,NA,NA,NA,,,,insufficient_k,,
MDMA,session,headache,12,1.5845328202266056,0.4820809064674469,3.286860771644361,0.0010131090957797558,0.6396716059159874,2.5293940345372237,1.4507523341082653,54.57276887617032,25.32532598782918,0.00816742636759705,4.8770124046588865,1.8958581884533365,12.545901449834147,**,0.001,0.008,ok,"1.585 [0.640, 2.529] **","4.88 [1.90, 12.55] **"
MDMA,session,heart rate increased,1,NA,NA,NA,NA,NA,NA,NA,NA,NA,NA,NA,NA,NA,,,,insufficient_k,,
MDMA,session,hyperhidrosis,1,NA,NA,NA,NA,NA,NA,NA,NA,NA,NA,NA,NA,NA,,,,insufficient_k,,
MDMA,session,hypoaesthesia,1,NA,NA,NA,NA,NA,NA,NA,NA,NA,NA,NA,NA,NA,,,,insufficient_k,,
MDMA,session,impaired gait,1,NA,NA,NA,NA,NA,NA,NA,NA,NA,NA,NA,NA,NA,,,,insufficient_k,,
MDMA,session,impaired gait/balance,1,NA,NA,NA,NA,NA,NA,NA,NA,NA,NA,NA,NA,NA,,,,insufficient_k,,
MDMA,session,infectious,1,NA,NA,NA,NA,NA,NA,NA,NA,NA,NA,NA,NA,NA,,,,insufficient_k,,
MDMA,session,insomnia,1,NA,NA,NA,NA,NA,NA,NA,NA,NA,NA,NA,NA,NA,,,,insufficient_k,,
MDMA,session,irritability,6,-0.48522038625780217,0.48244032075368687,-1.0057625065412696,0.31452982704924254,-1.43078603962498,0.4603452671093756,0,0,2.5076854784885647,0.7753371805797793,0.6155615205142906,0.23912088985839394,1.5846210080694216,,0.315,0.775,ok,"-0.485 [-1.431, 0.460]","0.62 [0.24, 1.58]"
MDMA,session,jaw tension,11,1.143878965361848,0.35742816444323755,3.2003045063436937,0.0013728246430617505,0.44333263599284256,1.8444252947308533,2.510387231762868e-6,1.7674956415265273e-4,9.350574341924133,0.499187147168974,3.138920545074482,1.5578904586030504,6.324464042950518,**,0.001,0.499,ok,"1.144 [0.443, 1.844] **","3.14 [1.56, 6.32] **"
MDMA,session,lack of appetite,9,1.048793206954383,0.4876513241247277,2.150703084497584,0.03149964275731897,0.09301417465664841,2.0045722392521177,0.8492872080430066,40.09156953376926,13.342521478616673,0.10059536884062611,2.8542046045996026,1.0974772915216162,7.422917984592412,*,0.031,0.101,ok,"1.049 [0.093, 2.005] *","2.85 [1.10, 7.42] *"
MDMA,session,muscle spasms,1,NA,NA,NA,NA,NA,NA,NA,NA,NA,NA,NA,NA,NA,,,,insufficient_k,,
MDMA,session,muscle tension,8,0.8533299875294165,0.5747663718467287,1.4846553823037014,0.13763513660704113,-0.2731914008149283,1.9798513758737613,1.2712096678883062,49.04660986594275,13.44611680459041,0.061956589690720223,2.3474508331347868,0.7609471277892967,7.241666618802257,,0.138,0.062,ok,"0.853 [-0.273, 1.980]","2.35 [0.76, 7.24]"
MDMA,session,muscle tightness,1,NA,NA,NA,NA,NA,NA,NA,NA,NA,NA,NA,NA,NA,,,,insufficient_k,,
MDMA,session,myalgia,1,NA,NA,NA,NA,NA,NA,NA,NA,NA,NA,NA,NA,NA,,,,insufficient_k,,
MDMA,session,mydriasis,1,NA,NA,NA,NA,NA,NA,NA,NA,NA,NA,NA,NA,NA,,,,insufficient_k,,
MDMA,session,nausea,9,1.392062698634443,0.4265635935969106,3.263435322494726,0.0011007030466894845,0.556013418068518,2.228111979200368,0.409312503363496,25.69710530729467,10.057086477043072,0.261042040435906,4.023140025634333,1.7437071940453712,9.282324303721296,**,0.001,0.261,ok,"1.392 [0.556, 2.228] **","4.02 [1.74, 9.28] **"
MDMA,session,neck pain,1,NA,NA,NA,NA,NA,NA,NA,NA,NA,NA,NA,NA,NA,,,,insufficient_k,,
MDMA,session,nightmare,1,NA,NA,NA,NA,NA,NA,NA,NA,NA,NA,NA,NA,NA,,,,insufficient_k,,
MDMA,session,nystagmus,1,NA,NA,NA,NA,NA,NA,NA,NA,NA,NA,NA,NA,NA,,,,insufficient_k,,
MDMA,session,ophthalmological,4,0.6191411650842575,0.8481820346582527,0.7299626021125527,0.46541304455279386,-1.0432650751798214,2.2815474053483364,1.2759285636675537,44.512048971299,5.326295270384001,0.14940520237117902,1.8573322149121867,0.3523025078406661,9.791820608074634,,0.465,0.149,ok,"0.619 [-1.043, 2.282]","1.86 [0.35, 9.79]"
MDMA,session,pain,6,0.26779143720182697,0.6521644670064762,0.41061948442396157,0.681351574225227,-1.0104274301276268,1.5460103045312805,0.6296583083322145,24.76224779598842,5.868241712503337,0.31925146178083863,1.3070745044690355,0.3640633346726301,4.6927102993473,,0.681,0.319,ok,"0.268 [-1.010, 1.546]","1.31 [0.36, 4.69]"
MDMA,session,pain in jaw,1,NA,NA,NA,NA,NA,NA,NA,NA,NA,NA,NA,NA,NA,,,,insufficient_k,,
MDMA,session,palpitations,1,NA,NA,NA,NA,NA,NA,NA,NA,NA,NA,NA,NA,NA,,,,insufficient_k,,
MDMA,session,panic attack,1,NA,NA,NA,NA,NA,NA,NA,NA,NA,NA,NA,NA,NA,,,,insufficient_k,,
MDMA,session,paraesthesia,1,NA,NA,NA,NA,NA,NA,NA,NA,NA,NA,NA,NA,NA,,,,insufficient_k,,
MDMA,session,perspiration,7,0.2827813847214685,0.5548149873087725,0.5096859154673331,0.6102715219378774,-0.8046360084867726,1.3701987779297098,0.7820652235688581,36.66841741449924,9.30474793048954,0.1571506821315306,1.3268150680631847,0.4472506923911841,3.93613303408765,,0.610,0.157,ok,"0.283 [-0.805, 1.370]","1.33 [0.45, 3.94]"
MDMA,session,restlessness,9,0.8070398904601682,0.39862797979816816,2.0245440143684488,0.04291420805033439,0.025743406825798454,1.588336374094538,0.21455224144451385,15.05524519414158,8.645744516248495,0.37305575658155665,2.2412637714543995,1.026077630175944,4.895597706747245,*,0.043,0.373,ok,"0.807 [0.026, 1.588] *","2.24 [1.03, 4.90] *"
MDMA,session,rumination,6,0.23371340656139877,0.5030256215865925,0.46461531288255975,0.6422069643791836,-0.7521986950491963,1.2196255081719938,6.597132365993888e-7,4.255641693606259e-5,4.613606837698692,0.4648285901305334,1.2632823918778542,0.4713291036751011,3.385919496982121,,0.642,0.465,ok,"0.234 [-0.752, 1.220]","1.26 [0.47, 3.39]"
MDMA,session,sleep disorder,13,1.1808565544008094,0.3468464377190118,3.4045514844164213,6.627280616406604e-4,0.5010500283055314,1.8606630804960873,0.12011464329377057,7.67646645689516,13.194033653081902,0.35509671601402326,3.2571629456194606,1.6504533839271067,6.4279976384870725,***,<0.001,0.355,ok,"1.181 [0.501, 1.861] ***","3.26 [1.65, 6.43] ***"
MDMA,session,suicidal ideation,1,NA,NA,NA,NA,NA,NA,NA,NA,NA,NA,NA,NA,NA,,,,insufficient_k,,
MDMA,session,temperature perception disturbances,1,NA,NA,NA,NA,NA,NA,NA,NA,NA,NA,NA,NA,NA,,,,insufficient_k,,
MDMA,session,thirst,2,0.20350937012984086,0.6898866758140338,0.2949895646117667,0.7680018514282849,-1.1486436678797252,1.555662408139407,0,0,0.027174889605577065,0.869063559022009,1.2256966425240854,0.31706652537987307,4.738224124085292,,0.768,0.869,ok,"0.204 [-1.149, 1.556]","1.23 [0.32, 4.74]"
MDMA,session,tremor,1,NA,NA,NA,NA,NA,NA,NA,NA,NA,NA,NA,NA,NA,,,,insufficient_k,,
MDMA,session,upper respiratory tract infection,1,NA,NA,NA,NA,NA,NA,NA,NA,NA,NA,NA,NA,NA,,,,insufficient_k,,
MDMA,session,vision blurred,1,NA,NA,NA,NA,NA,NA,NA,NA,NA,NA,NA,NA,NA,,,,insufficient_k,,
MDMA,session,visual impairment,1,NA,NA,NA,NA,NA,NA,NA,NA,NA,NA,NA,NA,NA,,,,insufficient_k,,
MDMA,session,vomiting,1,NA,NA,NA,NA,NA,NA,NA,NA,NA,NA,NA,NA,NA,,,,insufficient_k,,
MDMA,session,weakness,4,-0.19739415001930646,0.6829318369728041,-0.2890393145153184,0.7725512922685338,-1.535915954381782,1.1411276543431692,0,0,1.6055003069749731,0.6581433060385287,0.8208670247880261,0.21525843393843905,3.1302962678667905,,0.773,0.658,ok,"-0.197 [-1.536, 1.141]","0.82 [0.22, 3.13]"
MDMA,session,xerostomia,4,0.9280889238028228,0.5841675160248156,1.5887376451849768,0.11211963611190574,-0.2168583685440405,2.0730362161496863,0,0,2.4755672561088895,0.4797228139550237,2.5296701627927662,0.8050439807821147,7.948921158701183,,0.112,0.480,ok,"0.928 [-0.217, 2.073]","2.53 [0.81, 7.95]"
PSILOCYBIN,session,abdominal pain,4,1.0451906432151856,0.7082214539689005,1.47579635911606,0.13999856845807354,-0.34289789964245077,2.433279186072822,0,0,1.5205539791933766,0.6775346722139677,2.8439406499630815,0.7097106695742712,11.39619110610824,,0.140,0.678,ok,"1.045 [-0.343, 2.433]","2.84 [0.71, 11.40]"
PSILOCYBIN,session,alcohol intoxication,1,NA,NA,NA,NA,NA,NA,NA,NA,NA,NA,NA,NA,NA,,,,insufficient_k,,
PSILOCYBIN,session,anemia,1,NA,NA,NA,NA,NA,NA,NA,NA,NA,NA,NA,NA,NA,,,,insufficient_k,,
PSILOCYBIN,session,anger,1,NA,NA,NA,NA,NA,NA,NA,NA,NA,NA,NA,NA,NA,,,,insufficient_k,,
PSILOCYBIN,session,anxiety,7,1.1396673854794444,1.1707325751776203,0.9734651701363457,0.33032216268811093,-1.1549262973965224,3.4342610683554113,7.427434011489258,78.08467079512619,26.3201563908284,1.940495122460208e-4,3.1257285295672803,0.31508075831985727,31.00849094260635,,0.330,<0.001,ok,"1.140 [-1.155, 3.434]","3.13 [0.32, 31.01]"
PSILOCYBIN,session,any adverse event,1,NA,NA,NA,NA,NA,NA,NA,NA,NA,NA,NA,NA,NA,,,,insufficient_k,,
PSILOCYBIN,session,arthralgia,1,NA,NA,NA,NA,NA,NA,NA,NA,NA,NA,NA,NA,NA,,,,insufficient_k,,
PSILOCYBIN,session,back pain,3,0.988593805743609,0.9760631457070973,1.0128379604246138,0.31113756557585964,-0.9244548064791724,2.90164241796639,0.3288674809309232,11.223109200302043,2.018202150455826,0.36454653223526917,2.6874527334445686,0.39674766437788983,18.20401943845993,,0.311,0.365,ok,"0.989 [-0.924, 2.902]","2.69 [0.40, 18.20]"
PSILOCYBIN,session,biopsy,1,NA,NA,NA,NA,NA,NA,NA,NA,NA,NA,NA,NA,NA,,,,insufficient_k,,
PSILOCYBIN,session,bronchitis,1,NA,NA,NA,NA,NA,NA,NA,NA,NA,NA,NA,NA,NA,,,,insufficient_k,,
PSILOCYBIN,session,bronchitis bacterial,1,NA,NA,NA,NA,NA,NA,NA,NA,NA,NA,NA,NA,NA,,,,insufficient_k,,
PSILOCYBIN,session,cataract,1,NA,NA,NA,NA,NA,NA,NA,NA,NA,NA,NA,NA,NA,,,,insufficient_k,,
PSILOCYBIN,session,constipation,1,NA,NA,NA,NA,NA,NA,NA,NA,NA,NA,NA,NA,NA,,,,insufficient_k,,
PSILOCYBIN,session,contact dermatitis,1,NA,NA,NA,NA,NA,NA,NA,NA,NA,NA,NA,NA,NA,,,,insufficient_k,,
PSILOCYBIN,session,corona virus infection,1,NA,NA,NA,NA,NA,NA,NA,NA,NA,NA,NA,NA,NA,,,,insufficient_k,,
PSILOCYBIN,session,cough,1,NA,NA,NA,NA,NA,NA,NA,NA,NA,NA,NA,NA,NA,,,,insufficient_k,,
PSILOCYBIN,session,cystitis,1,NA,NA,NA,NA,NA,NA,NA,NA,NA,NA,NA,NA,NA,,,,insufficient_k,,
PSILOCYBIN,session,depressed mood,2,2.257275759118978,1.0627333500252039,2.124028345459794,0.033667773413525275,0.17435666789997972,4.340194850337976,0,0,0.0630087977152026,0.8018021001305602,9.557018051612523,1.190480096143552,76.72248728451989,*,0.034,0.802,ok,"2.257 [0.174, 4.340] *","9.56 [1.19, 76.72] *"
PSILOCYBIN,session,depression,1,NA,NA,NA,NA,NA,NA,NA,NA,NA,NA,NA,NA,NA,,,,insufficient_k,,
PSILOCYBIN,session,diarrhea,3,-1.8275878582583436,1.8273026836485047,-1.0001560631483721,0.31723498833011726,-5.4090353070628,1.753859590546113,7.8227412645587915,78.52854452671396,10.1033121900725,0.006398727765382062,0.160800975090768,0.004475956052473939,5.776856002830992,,0.317,0.006,ok,"-1.828 [-5.409, 1.754]","0.16 [0.00, 5.78]"
PSILOCYBIN,session,diverticulitis,1,NA,NA,NA,NA,NA,NA,NA,NA,NA,NA,NA,NA,NA,,,,insufficient_k,,
PSILOCYBIN,session,dizziness,5,1.2777819479987862,0.6876058644203225,1.8583057738694597,0.06312560436904129,-0.06990078182357706,2.6254646778211495,0,0,1.833184637270354,0.7664057547673032,3.5886710323832727,0.9324863349099765,13.810990356132285,,0.063,0.766,ok,"1.278 [-0.070, 2.625]","3.59 [0.93, 13.81]"
PSILOCYBIN,session,dyspepsia,1,NA,NA,NA,NA,NA,NA,NA,NA,NA,NA,NA,NA,NA,,,,insufficient_k,,
PSILOCYBIN,session,dysphoria,1,NA,NA,NA,NA,NA,NA,NA,NA,NA,NA,NA,NA,NA,,,,insufficient_k,,
PSILOCYBIN,session,dyspnea,1,NA,NA,NA,NA,NA,NA,NA,NA,NA,NA,NA,NA,NA,,,,insufficient_k,,
PSILOCYBIN,session,edema,1,NA,NA,NA,NA,NA,NA,NA,NA,NA,NA,NA,NA,NA,,,,insufficient_k,,
PSILOCYBIN,session,endodontic procedure,1,NA,NA,NA,NA,NA,NA,NA,NA,NA,NA,NA,NA,NA,,,,insufficient_k,,
PSILOCYBIN,session,euphoric mood,2,2.3846361428184193,1.0554948598049054,2.259258887588698,0.02386728567454032,0.31590423173365156,4.453368053903187,0,0,0.016259740964682357,0.8985338391120481,10.85511223572425,1.3714989032641847,85.91582637778653,*,0.024,0.899,ok,"2.385 [0.316, 4.453] *","10.86 [1.37, 85.92] *"
PSILOCYBIN,session,eye infection,1,NA,NA,NA,NA,NA,NA,NA,NA,NA,NA,NA,NA,NA,,,,insufficient_k,,
PSILOCYBIN,session,fatigue,6,0.19396055471258844,1.1750719894775723,0.1650626995192199,0.8688946317112816,-2.1091382239052825,2.4970593333304594,6.333622962551933,77.94124023826592,29.311071981852425,2.0146447231220926e-5,1.214048393523919,0.12134249144673616,12.146721929349782,,0.869,<0.001,ok,"0.194 [-2.109, 2.497]","1.21 [0.12, 12.15]"
PSILOCYBIN,session,feeling abnormal,2,-1.9773248954069613,3.642190677460832,-0.5428943925542804,0.5872025169973318,-9.115887448057732,5.1612376572438095,24.168699115104502,91.09421617507859,11.228657911071892,8.054386811410464e-4,0.13843908142707143,1.0990574225982752e-4,174.38014495241347,,0.587,<0.001,ok,"-1.977 [-9.116, 5.161]","0.14 [0.00, 174.38]"
PSILOCYBIN,session,food allergy,1,NA,NA,NA,NA,NA,NA,NA,NA,NA,NA,NA,NA,NA,,,,insufficient_k,,
PSILOCYBIN,session,food poisoning,1,NA,NA,NA,NA,NA,NA,NA,NA,NA,NA,NA,NA,NA,,,,insufficient_k,,
PSILOCYBIN,session,fungal infection,1,NA,NA,NA,NA,NA,NA,NA,NA,NA,NA,NA,NA,NA,,,,insufficient_k,,
PSILOCYBIN,session,gingivitis,1,NA,NA,NA,NA,NA,NA,NA,NA,NA,NA,NA,NA,NA,,,,insufficient_k,,
PSILOCYBIN,session,headache,9,2.3475695901197153,0.6400340733303937,3.6678822080584292,2.445678005812201e-4,1.0931258575136757,3.602013322725755,2.312817257408247,71.28967309001784,29.320997565390858,2.784808730057161e-4,10.460116435959588,2.9835857754667194,36.67199272550372,***,<0.001,<0.001,ok,"2.348 [1.093, 3.602] ***","10.46 [2.98, 36.67] ***"
PSILOCYBIN,session,hospitalisation,2,0.6971828995938048,1.2701893986939838,0.5488810568806922,0.5830870789561835,-1.7923425753909907,3.1867083745786005,0,0,0.20153777567450176,0.6534824505639704,2.0080877470279193,0.16656951063507064,24.208610473726477,,0.583,0.653,ok,"0.697 [-1.792, 3.187]","2.01 [0.17, 24.21]"
PSILOCYBIN,session,hyperglycemia,1,NA,NA,NA,NA,NA,NA,NA,NA,NA,NA,NA,NA,NA,,,,insufficient_k,,
PSILOCYBIN,session,hypertension,4,2.0330521227412204,1.2444958207381045,1.6336351547853547,0.1023354816131288,-0.4061148648160793,4.47221911029852,4.3016340910329065,69.70036066896412,9.529744169864445,0.023017028651367708,7.637360985349941,0.6662336362255086,87.55079246824751,,0.102,0.023,ok,"2.033 [-0.406, 4.472]","7.64 [0.67, 87.55]"
PSILOCYBIN,session,hyperventilation,1,NA,NA,NA,NA,NA,NA,NA,NA,NA,NA,NA,NA,NA,,,,insufficient_k,,
PSILOCYBIN,session,hypoesthesia,1,NA,NA,NA,NA,NA,NA,NA,NA,NA,NA,NA,NA,NA,,,,insufficient_k,,
PSILOCYBIN,session,hypoglycemia,1,NA,NA,NA,NA,NA,NA,NA,NA,NA,NA,NA,NA,NA,,,,insufficient_k,,
PSILOCYBIN,session,hyponatremia,1,NA,NA,NA,NA,NA,NA,NA,NA,NA,NA,NA,NA,NA,,,,insufficient_k,,
PSILOCYBIN,session,illusion,2,0.8276795431012045,0.40929936165958924,2.0221862544451716,0.04315711377230959,0.025467535353175474,1.6298915508492335,0,0,0.425578153860605,0.5141666960316621,2.288003362409869,1.0257946036703463,5.10332123767069,*,0.043,0.514,ok,"0.828 [0.025, 1.630] *","2.29 [1.03, 5.10] *"
PSILOCYBIN,session,influenza,1,NA,NA,NA,NA,NA,NA,NA,NA,NA,NA,NA,NA,NA,,,,insufficient_k,,
PSILOCYBIN,session,influenza like illness,1,NA,NA,NA,NA,NA,NA,NA,NA,NA,NA,NA,NA,NA,,,,insufficient_k,,
PSILOCYBIN,session,intentional selfâ€‘injury,2,1.6614094278110374,1.1013248611389508,1.50855527413852,0.13141247122422997,-0.49714763529988226,3.8199664909219573,0,0,5.788131969876222e-4,0.9808059165142661,5.266728689648661,0.6082631760655369,45.60268019147628,,0.131,0.981,ok,"1.661 [-0.497, 3.820]","5.27 [0.61, 45.60]"
PSILOCYBIN,session,irritability,2,1.9790681329221043,1.0802130529150606,1.8321090710590797,0.06693517217984733,-0.13811054642147402,4.096246812265683,0,0,0.06731654878937196,0.7952847159654375,7.235996855155889,0.8710024002251148,60.1142436281385,,0.067,0.795,ok,"1.979 [-0.138, 4.096]","7.24 [0.87, 60.11]"
PSILOCYBIN,session,limb injury,1,NA,NA,NA,NA,NA,NA,NA,NA,NA,NA,NA,NA,NA,,,,insufficient_k,,
PSILOCYBIN,session,lower resp. tract congestion,1,NA,NA,NA,NA,NA,NA,NA,NA,NA,NA,NA,NA,NA,,,,insufficient_k,,
PSILOCYBIN,session,malignant melanoma,1,NA,NA,NA,NA,NA,NA,NA,NA,NA,NA,NA,NA,NA,,,,insufficient_k,,
PSILOCYBIN,session,mallory-weiss syndrom,1,NA,NA,NA,NA,NA,NA,NA,NA,NA,NA,NA,NA,NA,,,,insufficient_k,,
PSILOCYBIN,session,memory impairment,1,NA,NA,NA,NA,NA,NA,NA,NA,NA,NA,NA,NA,NA,,,,insufficient_k,,
PSILOCYBIN,session,migraine,3,-1.536494650698993,1.506605156862797,-1.0198389695535324,0.30780483794569663,-4.489386497072394,1.4163971956744075,4.938451838275632,73.46222378653496,8.182069553942094,0.01672192114397,0.21513390071240532,0.011227529819493534,4.122242022940612,,0.308,0.017,ok,"-1.536 [-4.489, 1.416]","0.22 [0.01, 4.12]"
PSILOCYBIN,session,mood altered,2,2.5056512839817557,1.054748033761053,2.3755922777566383,0.017520810852809713,0.43838312504565513,4.572919442917856,0,0,0.18224715450616885,0.6694491416672316,12.251535596879206,1.5501987136141606,96.82637662087345,*,0.018,0.669,ok,"2.506 [0.438, 4.573] *","12.25 [1.55, 96.83] *"
PSILOCYBIN,session,muscle strain,1,NA,NA,NA,NA,NA,NA,NA,NA,NA,NA,NA,NA,NA,,,,insufficient_k,,
PSILOCYBIN,session,musculoskeletal pain,1,NA,NA,NA,NA,NA,NA,NA,NA,NA,NA,NA,NA,NA,,,,insufficient_k,,
PSILOCYBIN,session,myalgia,3,1.3135169332395455,0.8592824437013147,1.5286207030852852,0.1263585005848069,-0.37064570896259763,2.9976795754416887,0,0,1.5870816468495321,0.4522406526688685,3.719231025120471,0.6902884612557079,20.038983982226156,,0.126,0.452,ok,"1.314 [-0.371, 2.998]","3.72 [0.69, 20.04]"
PSILOCYBIN,session,nasal congestion,1,NA,NA,NA,NA,NA,NA,NA,NA,NA,NA,NA,NA,NA,,,,insufficient_k,,
PSILOCYBIN,session,nausea,8,1.3917528724432546,0.7661648892080551,1.8165187312118116,0.0692908372652159,-0.10990271662365392,2.8934084615101634,3.3182996816687176,78.8798274774346,37.93495843248868,3.117676006495161e-6,4.021893744558802,0.8959212893051054,18.05474374324486,,0.069,<0.001,ok,"1.392 [-0.110, 2.893]","4.02 [0.90, 18.05]"
PSILOCYBIN,session,oropharyngeal pain,1,NA,NA,NA,NA,NA,NA,NA,NA,NA,NA,NA,NA,NA,,,,insufficient_k,,
PSILOCYBIN,session,pain,1,NA,NA,NA,NA,NA,NA,NA,NA,NA,NA,NA,NA,NA,,,,insufficient_k,,
PSILOCYBIN,session,pain in extremity,1,NA,NA,NA,NA,NA,NA,NA,NA,NA,NA,NA,NA,NA,,,,insufficient_k,,
PSILOCYBIN,session,palpitations,2,-2.579770764494796,2.4337003420555283,-1.0600198881986822,0.2891355515007021,-7.349735784086441,2.19019425509685,10.198148263316991,86.0006311277484,7.143179161327174,0.007524963830640298,0.07579137610601205,6.427621659147727e-4,8.93694899398396,,0.289,0.008,ok,"-2.580 [-7.350, 2.190]","0.08 [0.00, 8.94]"
PSILOCYBIN,session,panic reaction,2,1.7550424920573149,1.1068764333591359,1.5855812258384905,0.11283433783632417,-0.41439545266274047,3.9244804367773702,0,0,0.23839266722317767,0.6253694329214644,5.783693497771002,0.6607396083574407,50.62676741797881,,0.113,0.625,ok,"1.755 [-0.414, 3.924]","5.78 [0.66, 50.63]"
PSILOCYBIN,session,paresthesia,2,2.1460184393746333,1.067625040318235,2.010086274048943,0.044422058538460873,0.05351181135776972,4.238525067391497,0,0,0.022302357751704034,0.8812855593702202,8.550745219916877,1.0549694523156405,69.30555539351833,*,0.044,0.881,ok,"2.146 [0.054, 4.239] *","8.55 [1.05, 69.31] *"
PSILOCYBIN,session,peripheral swelling,1,NA,NA,NA,NA,NA,NA,NA,NA,NA,NA,NA,NA,NA,,,,insufficient_k,,
PSILOCYBIN,session,photopsia,1,NA,NA,NA,NA,NA,NA,NA,NA,NA,NA,NA,NA,NA,,,,insufficient_k,,
PSILOCYBIN,session,physical pain,1,NA,NA,NA,NA,NA,NA,NA,NA,NA,NA,NA,NA,NA,,,,insufficient_k,,
PSILOCYBIN,session,pneumonia,1,NA,NA,NA,NA,NA,NA,NA,NA,NA,NA,NA,NA,NA,,,,insufficient_k,,
PSILOCYBIN,session,psychomotor hyperactivity,1,NA,NA,NA,NA,NA,NA,NA,NA,NA,NA,NA,NA,NA,,,,insufficient_k,,
PSILOCYBIN,session,pyrexia,1,NA,NA,NA,NA,NA,NA,NA,NA,NA,NA,NA,NA,NA,,,,insufficient_k,,
PSILOCYBIN,session,restlessness,2,-3.015793851263239,1.4773146755589488,-2.0414024859816675,0.04121083756598503,-5.911277409191253,-0.12031029333522492,2.825654193483975,61.84101864327595,2.6206150280890252,0.10548354898429346,0.04900691583880863,0.0027087245268247176,0.8866452739095698,*,0.041,0.105,ok,"-3.016 [-5.911, -0.120] *","0.05 [0.00, 0.89] *"
PSILOCYBIN,session,rhinorrhea,1,NA,NA,NA,NA,NA,NA,NA,NA,NA,NA,NA,NA,NA,,,,insufficient_k,,
PSILOCYBIN,session,sedation,1,NA,NA,NA,NA,NA,NA,NA,NA,NA,NA,NA,NA,NA,,,,insufficient_k,,
PSILOCYBIN,session,sexual abuse,1,NA,NA,NA,NA,NA,NA,NA,NA,NA,NA,NA,NA,NA,,,,insufficient_k,,
PSILOCYBIN,session,sinus congestion,1,NA,NA,NA,NA,NA,NA,NA,NA,NA,NA,NA,NA,NA,,,,insufficient_k,,
PSILOCYBIN,session,sinus headache,1,NA,NA,NA,NA,NA,NA,NA,NA,NA,NA,NA,NA,NA,,,,insufficient_k,,
PSILOCYBIN,session,skin cosmetic procedure,1,NA,NA,NA,NA,NA,NA,NA,NA,NA,NA,NA,NA,NA,,,,insufficient_k,,
PSILOCYBIN,session,sleep disorder,5,0.5051748736229635,1.5332349451168936,0.32948301578428285,0.7417906293981059,-2.4999103986443942,3.5102601458903213,9.835458617816267,84.36619797975082,29.330785322942845,6.6964121753262125e-6,1.657275308859447,0.08209235388056596,33.45697034526597,,0.742,<0.001,ok,"0.505 [-2.500, 3.510]","1.66 [0.08, 33.46]"
PSILOCYBIN,session,stress,1,NA,NA,NA,NA,NA,NA,NA,NA,NA,NA,NA,NA,NA,,,,insufficient_k,,
PSILOCYBIN,session,suicidal behavior,2,1.2794431425893704,1.2117507851437548,1.055863266833027,0.29103068846963503,-1.0955447545305217,3.6544310397092623,0,0,0.5894618053432613,0.44262731073970674,3.594637467622561,0.3343574146116395,38.6455270885628,,0.291,0.443,ok,"1.279 [-1.096, 3.654]","3.59 [0.33, 38.65]"
PSILOCYBIN,session,suicidal ideation,6,1.457740710844242,0.5901568324821211,2.4700903736269195,0.013507892187475716,0.30105457394904667,2.6144268477394372,0,0,3.342566170288537,0.6473313915694635,4.296242102049068,1.3512830843799728,13.659385226366675,*,0.014,0.647,ok,"1.458 [0.301, 2.614] *","4.30 [1.35, 13.66] *"
PSILOCYBIN,session,surgery,1,NA,NA,NA,NA,NA,NA,NA,NA,NA,NA,NA,NA,NA,,,,insufficient_k,,
PSILOCYBIN,session,tachycardia,1,NA,NA,NA,NA,NA,NA,NA,NA,NA,NA,NA,NA,NA,,,,insufficient_k,,
PSILOCYBIN,session,temperature perception disturbances,1,NA,NA,NA,NA,NA,NA,NA,NA,NA,NA,NA,NA,NA,,,,insufficient_k,,
PSILOCYBIN,session,testicular pain,1,NA,NA,NA,NA,NA,NA,NA,NA,NA,NA,NA,NA,NA,,,,insufficient_k,,
PSILOCYBIN,session,thinking abnormal,2,1.4777117434451963,1.2011444796895214,1.2302531197805309,0.218602333630161,-0.8764881769753678,3.8319116638657604,0,0,0.8455793995455667,0.35780591972720527,4.382904986393217,0.4162421165960714,46.15067854460318,,0.219,0.358,ok,"1.478 [-0.876, 3.832]","4.38 [0.42, 46.15]"
PSILOCYBIN,session,thrombocytosis,1,NA,NA,NA,NA,NA,NA,NA,NA,NA,NA,NA,NA,NA,,,,insufficient_k,,
PSILOCYBIN,session,toothache,1,NA,NA,NA,NA,NA,NA,NA,NA,NA,NA,NA,NA,NA,,,,insufficient_k,,
PSILOCYBIN,session,traumatic lung injury,1,NA,NA,NA,NA,NA,NA,NA,NA,NA,NA,NA,NA,NA,,,,insufficient_k,,
PSILOCYBIN,session,upper respiratory tract infection,1,NA,NA,NA,NA,NA,NA,NA,NA,NA,NA,NA,NA,NA,,,,insufficient_k,,
PSILOCYBIN,session,urinary incontinence,1,NA,NA,NA,NA,NA,NA,NA,NA,NA,NA,NA,NA,NA,,,,insufficient_k,,
PSILOCYBIN,session,viral upper resp. tract infection,1,NA,NA,NA,NA,NA,NA,NA,NA,NA,NA,NA,NA,NA,,,,insufficient_k,,
PSILOCYBIN,session,vomiting,2,-1.8584661819024997,2.426899615792354,-0.7657779373357939,0.44380844394739694,-6.615102022949609,2.898169659144609,10.631234629942089,90.15512133167252,10.15756550882801,0.001437102681222219,0.15591158707695615,0.0013399780805526881,18.14091091313151,,0.444,0.001,ok,"-1.858 [-6.615, 2.898]","0.16 [0.00, 18.14]"
PSILOCYBIN,session,withdrawal syndrome,2,0.4421218497560799,1.0778834605172896,0.4101759289857738,0.6816768971478804,-1.6704909123892087,2.5547346119013685,0,0,0.29262474921053533,0.5885434182164548,1.5560053277529344,0.1881546755015795,12.867884221007266,,0.682,0.589,ok,"0.442 [-1.670, 2.555]","1.56 [0.19, 12.87]"
PSILOCYBIN,session,xerostomia,1,NA,NA,NA,NA,NA,NA,NA,NA,NA,NA,NA,NA,NA,,,,insufficient_k,,
