molecule,ae_term,log_or.session,log_or.follow_up,ci_lb.session,ci_lb.follow_up,ci_ub.session,ci_ub.follow_up,or.session,or.follow_up,or_ci_lb.session,or_ci_lb.follow_up,or_ci_ub.session,or_ci_ub.follow_up,pval.session,pval.follow_up,pval_fmt.session,pval_fmt.follow_up,stars.session,stars.follow_up,k.session,k.follow_up,I2.session,I2.follow_up,tau2.session,tau2.follow_up,QE.session,QE.follow_up,QEp.session,QEp.follow_up,log_or_ci.session,log_or_ci.follow_up,or_ci.session,or_ci.follow_up,status.session,status.follow_up
AYAHUASCA,anxiety,-0.3724251821383129,NA,-3.3850085339537843,NA,2.640158169677159,NA,0.6890612037151793,NA,0.033877353236673846,NA,14.015420246922142,NA,0.8085500290462433,NA,0.809,NA,,NA,2,NA,76.43400347940756,NA,3.6514600359200116,NA,4.243402137169036,NA,0.039403132244632495,NA,"-0.372 [-3.385, 2.640]",NA,"0.69 [0.03, 14.02]",NA,ok,NA
AYAHUASCA,confusion,NA,NA,NA,NA,NA,NA,NA,NA,NA,NA,NA,NA,NA,NA,,NA,,NA,1,NA,NA,NA,NA,NA,NA,NA,NA,NA,,NA,,NA,insufficient_k,NA
AYAHUASCA,diarrhea,NA,NA,NA,NA,NA,NA,NA,NA,NA,NA,NA,NA,NA,NA,,NA,,NA,1,NA,NA,NA,NA,NA,NA,NA,NA,NA,,NA,,NA,insufficient_k,NA
AYAHUASCA,dissociation,NA,NA,NA,NA,NA,NA,NA,NA,NA,NA,NA,NA,NA,NA,,NA,,NA,1,NA,NA,NA,NA,NA,NA,NA,NA,NA,,NA,,NA,insufficient_k,NA
AYAHUASCA,distress,NA,NA,NA,NA,NA,NA,NA,NA,NA,NA,NA,NA,NA,NA,,NA,,NA,1,NA,NA,NA,NA,NA,NA,NA,NA,NA,,NA,,NA,insufficient_k,NA
AYAHUASCA,drowsiness,NA,NA,NA,NA,NA,NA,NA,NA,NA,NA,NA,NA,NA,NA,,NA,,NA,1,NA,NA,NA,NA,NA,NA,NA,NA,NA,,NA,,NA,insufficient_k,NA
AYAHUASCA,headache,-0.13534681759964992,NA,-2.055868834424154,NA,1.7851751992248541,NA,0.8734129441730368,NA,0.12798159244542393,NA,5.960624152839165,NA,0.8901404822260746,NA,0.890,NA,,NA,2,NA,54.56079410595212,NA,1.0659190342732394,NA,2.200742685362357,NA,0.1379442619511363,NA,"-0.135 [-2.056, 1.785]",NA,"0.87 [0.13, 5.96]",NA,ok,NA
AYAHUASCA,hypertension,NA,NA,NA,NA,NA,NA,NA,NA,NA,NA,NA,NA,NA,NA,,NA,,NA,1,NA,NA,NA,NA,NA,NA,NA,NA,NA,,NA,,NA,insufficient_k,NA
AYAHUASCA,nausea,0.9125987485576463,NA,-1.1920695765522866,NA,3.017267073667579,NA,2.490787059185551,NA,0.30359230593487896,NA,20.435366947464665,NA,0.39540629331929233,NA,0.395,NA,,NA,2,NA,64.5358554473093,NA,1.4930216593233778,NA,2.819749390865059,NA,0.09311094003668936,NA,"0.913 [-1.192, 3.017]",NA,"2.49 [0.30, 20.44]",NA,ok,NA
AYAHUASCA,restlessness,NA,NA,NA,NA,NA,NA,NA,NA,NA,NA,NA,NA,NA,NA,,NA,,NA,1,NA,NA,NA,NA,NA,NA,NA,NA,NA,,NA,,NA,insufficient_k,NA
AYAHUASCA,tachycardia,NA,NA,NA,NA,NA,NA,NA,NA,NA,NA,NA,NA,NA,NA,,NA,,NA,1,NA,NA,NA,NA,NA,NA,NA,NA,NA,,NA,,NA,insufficient_k,NA
AYAHUASCA,vomiting,0.39527295090952,NA,-1.548891506578246,NA,2.339437408397286,NA,1.4847894102358776,NA,0.2124833797583692,NA,10.375397808786836,NA,0.6902725712751417,NA,0.690,NA,,NA,2,NA,58.87488485387112,NA,1.1686011017958424,NA,2.4316041339865544,NA,0.11891115826775137,NA,"0.395 [-1.549, 2.339]",NA,"1.48 [0.21, 10.38]",NA,ok,NA
LSD,ADHD_exacerbation,NA,NA,NA,NA,NA,NA,NA,NA,NA,NA,NA,NA,NA,NA,,NA,,NA,1,NA,NA,NA,NA,NA,NA,NA,NA,NA,,NA,,NA,insufficient_k,NA
LSD,Balance_disorder,-0.2155993821297113,-0.01875170009928245,-1.1389440344303348,-1.990967363519165,0.7077452701709122,1.9534639633206,0.8060581585008818,0.981423019229788,0.3201569180638697,0.13656325521634713,2.029410324209252,7.053076914051292,0.6472052041129122,0.9851321126565423,0.647,0.985,,,4,4,0,0,0,0,1.912501348429598,1.1573917738360238e-4,0.5907644528292699,0.9999996688503394,"-0.216 [-1.139, 0.708]","-0.019 [-1.991, 1.953]","0.81 [0.32, 2.03]","0.98 [0.14, 7.05]",ok,ok
LSD,COVID19,NA,NA,NA,NA,NA,NA,NA,NA,NA,NA,NA,NA,NA,NA,,NA,,NA,1,NA,NA,NA,NA,NA,NA,NA,NA,NA,,NA,,NA,insufficient_k,NA
LSD,Fatigue,0.1375869236774322,1.0609599915615615,-0.6838717299534951,-0.6009527578673006,0.9590455773083595,2.7228727409904234,1.1475014466826992,2.889143211503265,0.5046593004540356,0.5482890005021928,2.6092050001936262,15.22399407781301,0.7427027549023268,0.2108487580775338,0.743,0.211,,,4,4,0,0,0,0,1.1156402574032296,0.413400444696687,0.7732998679682369,0.937460575356912,"0.138 [-0.684, 0.959]","1.061 [-0.601, 2.723]","1.15 [0.50, 2.61]","2.89 [0.55, 15.22]",ok,ok
LSD,Mydriasis,0.573300489623849,-0.01875170009928245,-0.2208801553866273,-1.990967363519165,1.3674811346343254,1.9534639633206,1.7741128401650852,0.981423019229788,0.8018127674734298,0.13656325521634713,3.925450550702194,7.053076914051292,0.15711180612980585,0.9851321126565423,0.157,0.985,,,4,4,7.587548759705972e-5,0,5.156438817466387e-7,0,3.052151671089371,1.1573917738360238e-4,0.3836540992008008,0.9999996688503394,"0.573 [-0.221, 1.367]","-0.019 [-1.991, 1.953]","1.77 [0.80, 3.93]","0.98 [0.14, 7.05]",ok,ok
LSD,Pseudo_hallucination,-0.10316816392799724,-0.01875170009928245,-1.0010490932339837,-1.990967363519165,0.7947127653779892,1.9534639633206,0.9019752810210611,0.981423019229788,0.3674937037114458,0.13656325521634713,2.213805024022465,7.053076914051292,0.8218210033496416,0.9851321126565423,0.822,0.985,,,4,4,2.4130308023841523e-4,0,2.125353049578756e-6,0,1.8343098141204817,1.1573917738360238e-4,0.6074973483614953,0.9999996688503394,"-0.103 [-1.001, 0.795]","-0.019 [-1.991, 1.953]","0.90 [0.37, 2.21]","0.98 [0.14, 7.05]",ok,ok
LSD,Tremor,0.04744317743826901,0.35352381416318923,-1.012059874352371,-1.507870563154626,1.1069462292289092,2.2149181914810048,1.0485866160506923,1.4240768997472486,0.36346950641213294,0.2213808930199491,3.025106293549413,9.160659660953616,0.9300637310903112,0.7097107669721846,0.930,0.710,,,4,4,25.482783722513577,0,0.3004558739132996,0,4.224245520162409,0.30591486683215174,0.23824563172953667,0.9589122421560294,"0.047 [-1.012, 1.107]","0.354 [-1.508, 2.215]","1.05 [0.36, 3.03]","1.42 [0.22, 9.16]",ok,ok
LSD,Vomiting,-0.22560887454864711,-0.01875170009928245,-1.162418351027028,-1.990967363519165,0.7112006019297339,1.9534639633206,0.7980301705433026,0.981423019229788,0.31272897721627796,0.13656325521634713,2.0364347390070496,7.053076914051292,0.6369182582530029,0.9851321126565423,0.637,0.985,,,4,4,0,0,0,0,2.4991932668789634,1.1573917738360238e-4,0.47543689572567394,0.9999996688503394,"-0.226 [-1.162, 0.711]","-0.019 [-1.991, 1.953]","0.80 [0.31, 2.04]","0.98 [0.14, 7.05]",ok,ok
LSD,accident with fracture,NA,NA,NA,NA,NA,NA,NA,NA,NA,NA,NA,NA,NA,NA,NA,,NA,,NA,1,NA,NA,NA,NA,NA,NA,NA,NA,NA,,NA,,NA,insufficient_k
LSD,affect liability,NA,NA,NA,NA,NA,NA,NA,NA,NA,NA,NA,NA,NA,NA,,NA,,NA,1,NA,NA,NA,NA,NA,NA,NA,NA,NA,,NA,,NA,insufficient_k,NA
LSD,altered perception of music,NA,NA,NA,NA,NA,NA,NA,NA,NA,NA,NA,NA,NA,NA,,NA,,NA,1,NA,NA,NA,NA,NA,NA,NA,NA,NA,,NA,,NA,insufficient_k,NA
LSD,altered state of consciousness,-0.6093120998857497,-0.01875170009928245,-1.8583954920610828,-1.990967363519165,0.6397712922895833,1.9534639633206,0.5437247687874974,0.981423019229788,0.15592260883188014,0.13656325521634713,1.8960471891012336,7.053076914051292,0.339029342554169,0.9851321126565423,0.339,0.985,,,4,4,25.213130686795132,0,0.4186255099105972,0,3.4919376794144585,1.1573917738360238e-4,0.3218092831562251,0.9999996688503394,"-0.609 [-1.858, 0.640]","-0.019 [-1.991, 1.953]","0.54 [0.16, 1.90]","0.98 [0.14, 7.05]",ok,ok
LSD,anemia,NA,NA,NA,NA,NA,NA,NA,NA,NA,NA,NA,NA,NA,NA,,NA,,NA,1,NA,NA,NA,NA,NA,NA,NA,NA,NA,,NA,,NA,insufficient_k,NA
LSD,anger,NA,NA,NA,NA,NA,NA,NA,NA,NA,NA,NA,NA,NA,NA,,NA,,NA,1,NA,NA,NA,NA,NA,NA,NA,NA,NA,,NA,,NA,insufficient_k,NA
LSD,anxiety,0.020871840181930505,1.4409538682660132,-0.678025897806964,-0.17541323384362495,0.7197695781708251,3.0573209703756516,1.021091180391579,4.224723725538545,0.5076180938944953,0.8391102003818531,2.0539598789206486,21.27049647234187,0.9533246771029105,0.0805918081448678,0.953,0.081,,,7,4,0,0,0,0,3.184713656278019,0.8522489589035378,0.7853317950019151,0.8369331933358672,"0.021 [-0.678, 0.720]","1.441 [-0.175, 3.057]","1.02 [0.51, 2.05]","4.22 [0.84, 21.27]",ok,ok
LSD,anxiety_worsening,NA,NA,NA,NA,NA,NA,NA,NA,NA,NA,NA,NA,NA,NA,,NA,,NA,1,NA,NA,NA,NA,NA,NA,NA,NA,NA,,NA,,NA,insufficient_k,NA
LSD,attention disturbance,-0.7604762750827885,2.0729879059070884,-2.0604312135658223,0.7566624094614665,0.5394786634002451,3.3893134023527103,0.4674437421774956,7.9485371536673775,0.12739902186200422,2.1311514264510074,1.7151124781599913,29.645590688242496,0.25155404489071415,0.002024539581730471,0.252,0.002,,**,5,6,25.416885142634445,19.812770081533117,0.5643530041714958,0.5368290331421096,4.232076046099822,5.747280566351543,0.37550792883429307,0.3315913780073921,"-0.760 [-2.060, 0.539]","2.073 [0.757, 3.389] **","0.47 [0.13, 1.72]","7.95 [2.13, 29.65] **",ok,ok
LSD,bradyphrenia,NA,NA,NA,NA,NA,NA,NA,NA,NA,NA,NA,NA,NA,NA,,NA,,NA,1,NA,NA,NA,NA,NA,NA,NA,NA,NA,,NA,,NA,insufficient_k,NA
LSD,chills,NA,NA,NA,NA,NA,NA,NA,NA,NA,NA,NA,NA,NA,NA,,NA,,NA,1,NA,NA,NA,NA,NA,NA,NA,NA,NA,,NA,,NA,insufficient_k,NA
LSD,depersonalization,NA,NA,NA,NA,NA,NA,NA,NA,NA,NA,NA,NA,NA,NA,,NA,,NA,1,NA,NA,NA,NA,NA,NA,NA,NA,NA,,NA,,NA,insufficient_k,NA
LSD,depressed mood,-0.4569955188833145,1.4373794083124272,-1.4468183143370243,-0.1789351794219345,0.5328272765703954,3.053693996046789,0.6331831774241038,4.209649576787065,0.23531780556860107,0.8361600980213325,1.7037424567347736,21.193488664764548,0.3655161668142142,0.08133625762870815,0.366,0.081,,,4,4,0,0,0,0,1.938420799681293,0.8210611081417892,0.5852855481737135,0.8444231445578632,"-0.457 [-1.447, 0.533]","1.437 [-0.179, 3.054]","0.63 [0.24, 1.70]","4.21 [0.84, 21.19]",ok,ok
LSD,depression,NA,NA,NA,NA,NA,NA,NA,NA,NA,NA,NA,NA,NA,NA,,,,,1,1,NA,NA,NA,NA,NA,NA,NA,NA,,,,,insufficient_k,insufficient_k
LSD,depression_worsening,NA,NA,NA,NA,NA,NA,NA,NA,NA,NA,NA,NA,NA,NA,,NA,,NA,1,NA,NA,NA,NA,NA,NA,NA,NA,NA,,NA,,NA,insufficient_k,NA
LSD,derealization,NA,NA,NA,NA,NA,NA,NA,NA,NA,NA,NA,NA,NA,NA,,NA,,NA,1,NA,NA,NA,NA,NA,NA,NA,NA,NA,,NA,,NA,insufficient_k,NA
LSD,dizziness,0.0021994717925337814,0.4642761257636457,-0.5661680639694655,-1.0400886371720033,0.570567007554533,1.9686408886992945,1.0022018924049811,1.5908621878341,0.5676966533252567,0.35342335412376585,1.7692699565108383,7.160937360676,0.9939483594892424,0.5452568214082305,0.994,0.545,,,6,5,0,0,0,0,2.124869219546725,0.5511527017444418,0.8316111742438563,0.9683339761741494,"0.002 [-0.566, 0.571]","0.464 [-1.040, 1.969]","1.00 [0.57, 1.77]","1.59 [0.35, 7.16]",ok,ok
LSD,emotional distress,-0.3599515989433048,0.3535238141631896,-1.3336473277514695,-1.507870563154627,0.6137441298648598,2.214918191481006,0.6977100951596673,1.4240768997472493,0.2635143830787115,0.22138089301994887,1.8473351291124986,9.160659660953629,0.4687275564775879,0.7097107669721845,0.469,0.710,,,5,4,1.8087097857311435e-5,0,2.3693088583583975e-7,0,4.097601950136996,0.3059148668321517,0.3929579836459915,0.9589122421560295,"-0.360 [-1.334, 0.614]","0.354 [-1.508, 2.215]","0.70 [0.26, 1.85]","1.42 [0.22, 9.16]",ok,ok
LSD,euphoric mood,0.7326682647888213,-0.01875170009928245,-0.026119872222228335,-1.990967363519165,1.491456401799871,1.9534639633206,2.0806248656783266,0.981423019229788,0.974218300896364,0.13656325521634713,4.443562420964487,7.053076914051292,0.05842494408232133,0.9851321126565423,0.058,0.985,,,4,4,2.7844540661539442e-6,0,1.692702890142686e-8,0,2.853406261910735,1.1573917738360238e-4,0.41478358594132575,0.9999996688503394,"0.733 [-0.026, 1.491]","-0.019 [-1.991, 1.953]","2.08 [0.97, 4.44]","0.98 [0.14, 7.05]",ok,ok
LSD,fatigue,-0.9772372036436794,2.653982979831934,-2.159237679974958,1.1423509150462825,0.20476327268759964,4.165615044617585,0.37634944069084253,14.210526315789467,0.1154130692052856,3.134127779271263,1.2272345106460731,64.43229899793657,0.10513981424444788,5.793062737408145e-4,0.105,<0.001,,***,2,2,0,0,0,0,3.848632516632701e-4,0,0.9843481590058033,1,"-0.977 [-2.159, 0.205]","2.654 [1.142, 4.166] ***","0.38 [0.12, 1.23]","14.21 [3.13, 64.43] ***",ok,ok
LSD,feeling abnormal,-0.7039342837589087,-0.01875170009928245,-1.8181864321235526,-1.990967363519165,0.41031786460573527,1.9534639633206,0.4946354344804727,0.981423019229788,0.16231986224573366,0.13656325521634713,1.5072968252849577,7.053076914051292,0.21563564589276102,0.9851321126565423,0.216,0.985,,,5,4,1.1219386744561124e-5,0,1.9112323391201314e-7,0,5.442656637658044,1.1573917738360238e-4,0.2448161791262191,0.9999996688503394,"-0.704 [-1.818, 0.410]","-0.019 [-1.991, 1.953]","0.49 [0.16, 1.51]","0.98 [0.14, 7.05]",ok,ok
LSD,feeling of relaxation,NA,NA,NA,NA,NA,NA,NA,NA,NA,NA,NA,NA,NA,NA,,NA,,NA,1,NA,NA,NA,NA,NA,NA,NA,NA,NA,,NA,,NA,insufficient_k,NA
LSD,feeling_intoxicated,-1.165670412150037,NA,-2.7979153311719527,NA,0.4665745068718785,NA,0.3117136153716886,NA,0.060936963694598466,NA,1.5945228005625405,NA,0.16159972101240344,NA,0.162,NA,,NA,2,NA,0,NA,0,NA,2.4321641999489705e-4,NA,0.9875571775818857,NA,"-1.166 [-2.798, 0.467]",NA,"0.31 [0.06, 1.59]",NA,ok,NA
LSD,femur fracture,NA,NA,NA,NA,NA,NA,NA,NA,NA,NA,NA,NA,NA,NA,,NA,,NA,1,NA,NA,NA,NA,NA,NA,NA,NA,NA,,NA,,NA,insufficient_k,NA
LSD,hallucination,NA,NA,NA,NA,NA,NA,NA,NA,NA,NA,NA,NA,NA,NA,,NA,,NA,1,NA,NA,NA,NA,NA,NA,NA,NA,NA,,NA,,NA,insufficient_k,NA
LSD,hallucination visual,1.018766270977025,0.3563934795937728,0.30551206336688996,-1.505043652979191,1.7320204785871602,2.2178306121667366,2.7697755027522315,1.4281693932320187,1.3573198588628022,0.22200760232717476,5.652062250141901,9.187378244637019,0.005118402910967909,0.7074689147784747,0.005,0.707,**,,4,4,0,0,0,0,0.4399519971221445,0.3246810399190461,0.9318711346165137,0.9553217355016445,"1.019 [0.306, 1.732] **","0.356 [-1.505, 2.218]","2.77 [1.36, 5.65] **","1.43 [0.22, 9.19]",ok,ok
LSD,headache,0.3381292151650788,2.370700523957032,-0.441287856463868,1.2952590971759799,1.1175462867940256,3.4461419507380837,1.4023216929278968,10.704888689082916,0.6432075284771982,3.6519420594464083,3.057343148815266,31.379096376744414,0.395170619780965,1.556478750364675e-5,0.395,<0.001,,***,8,6,51.04772913815128,0,0.6102240874687193,0,13.808996949142431,1.7451413631234165,0.054684699952012014,0.8831643554864067,"0.338 [-0.441, 1.118]","2.371 [1.295, 3.446] ***","1.40 [0.64, 3.06]","10.70 [3.65, 31.38] ***",ok,ok
LSD,hypertension,0.2921672599514989,-0.01875170009928245,-0.4942836070065138,-1.990967363519165,1.0786181269095116,1.9534639633206,1.3393270146774208,0.981423019229788,0.6100077560823509,0.13656325521634713,2.940613187879811,7.053076914051292,0.4665349159822193,0.9851321126565423,0.467,0.985,,,4,4,0,0,0,0,0.22157386003465956,1.1573917738360238e-4,0.9740336177766297,0.9999996688503394,"0.292 [-0.494, 1.079]","-0.019 [-1.991, 1.953]","1.34 [0.61, 2.94]","0.98 [0.14, 7.05]",ok,ok
LSD,illusion,2.6026657753910314,0.9002200020046915,1.8132088860110813,-0.7861105378847666,3.3921226647709815,2.58655054189415,13.499677218138624,2.460144288299995,6.130086654678429,0.4556134447376638,29.728990022489487,13.283870327268177,1.0362200106905964e-10,0.29542497091530984,<0.001,0.295,***,,4,4,26.71735313409292,0,0.17339214758907445,0,4.134328602410906,0.25880234216902903,0.24731963437468346,0.9675807887557588,"2.603 [1.813, 3.392] ***","0.900 [-0.786, 2.587]","13.50 [6.13, 29.73] ***","2.46 [0.46, 13.28]",ok,ok
LSD,illusions,NA,NA,NA,NA,NA,NA,NA,NA,NA,NA,NA,NA,NA,NA,,NA,,NA,1,NA,NA,NA,NA,NA,NA,NA,NA,NA,,NA,,NA,insufficient_k,NA
LSD,impaired gait,0.1841865625046257,NA,-0.5600253581959639,NA,0.9283984832052153,NA,1.2022400950985808,NA,0.5711945792010905,NA,2.5304533671944993,NA,0.6276227338217877,NA,0.628,,,,3,1,0,NA,0,NA,1.4980825069869061,NA,0.47281964969111673,NA,"0.184 [-0.560, 0.928]",,"1.20 [0.57, 2.53]",,ok,insufficient_k
LSD,lack of appetite,-1.0263455978821916,0.8388731020338005,-2.158597003448258,-0.9004856467580282,0.10590580768387459,2.5782318508256292,0.3583139943207969,2.313758137769754,0.11548703534125335,0.40637225844096386,1.1117171563608577,13.173824268010387,0.07562788687263101,0.3445218063987757,0.076,0.345,,,4,4,0,0,0,0,0.8384044349891788,0.6414389839617336,0.8402608432215072,0.8868837250339057,"-1.026 [-2.159, 0.106]","0.839 [-0.900, 2.578]","0.36 [0.12, 1.11]","2.31 [0.41, 13.17]",ok,ok
LSD,menorrhagia,NA,NA,NA,NA,NA,NA,NA,NA,NA,NA,NA,NA,NA,NA,,NA,,NA,1,NA,NA,NA,NA,NA,NA,NA,NA,NA,,NA,,NA,insufficient_k,NA
LSD,mydriasis,NA,NA,NA,NA,NA,NA,NA,NA,NA,NA,NA,NA,NA,NA,,NA,,NA,1,NA,NA,NA,NA,NA,NA,NA,NA,NA,,NA,,NA,insufficient_k,NA
LSD,nausea,1.431599319729257,0.7902763936330137,0.39293853708843063,-0.6297476438509169,2.470260102370083,2.210300431116944,4.185387615021377,2.20400551516943,1.4813273398399158,0.5327262207829477,11.825522298040767,9.11845544932628,0.006903927185879943,0.2753760683874146,0.007,0.275,**,,5,5,61.299475184922095,0,0.8567603029261076,0,10.196593021608692,0.650431091963658,0.03724315761752474,0.957298117441291,"1.432 [0.393, 2.470] **","0.790 [-0.630, 2.210]","4.19 [1.48, 11.83] **","2.20 [0.53, 9.12]",ok,ok
LSD,neoplasm progression,NA,NA,NA,NA,NA,NA,NA,NA,NA,NA,NA,NA,NA,NA,,NA,,NA,1,NA,NA,NA,NA,NA,NA,NA,NA,NA,,NA,,NA,insufficient_k,NA
LSD,palmar-plantar erythrodysaesthesia syndrome,NA,NA,NA,NA,NA,NA,NA,NA,NA,NA,NA,NA,NA,NA,,NA,,NA,1,NA,NA,NA,NA,NA,NA,NA,NA,NA,,NA,,NA,insufficient_k,NA
LSD,panic_attack,NA,NA,NA,NA,NA,NA,NA,NA,NA,NA,NA,NA,NA,NA,NA,,NA,,NA,1,NA,NA,NA,NA,NA,NA,NA,NA,NA,,NA,,NA,insufficient_k
LSD,paresthesia,0.08312107189629031,-0.01875170009928245,-0.8385995932866241,-1.990967363519165,1.0048417370792047,1.9534639633206,1.0866733661892036,0.981423019229788,0.4323155172641658,0.13656325521634713,2.731474947413031,7.053076914051292,0.8597046116434408,0.9851321126565423,0.860,0.985,,,4,4,13.912345982969017,0,0.12454859493645279,0,2.9519132202369427,1.1573917738360238e-4,0.3990987881462401,0.9999996688503394,"0.083 [-0.839, 1.005]","-0.019 [-1.991, 1.953]","1.09 [0.43, 2.73]","0.98 [0.14, 7.05]",ok,ok
LSD,perseveration,NA,NA,NA,NA,NA,NA,NA,NA,NA,NA,NA,NA,NA,NA,,NA,,NA,1,NA,NA,NA,NA,NA,NA,NA,NA,NA,,NA,,NA,insufficient_k,NA
LSD,perspiration,0.5250255839843642,-0.01875170009928245,-0.2539483286784566,-1.990967363519165,1.3039994966471848,1.9534639633206,1.690502097605078,0.981423019229788,0.7757318841025356,0.13656325521634713,3.684001393488458,7.053076914051292,0.18649849766254448,0.9851321126565423,0.186,0.985,,,5,4,0,0,0,0,3.195418632152751,1.1573917738360238e-4,0.525671234216218,0.9999996688503394,"0.525 [-0.254, 1.304]","-0.019 [-1.991, 1.953]","1.69 [0.78, 3.68]","0.98 [0.14, 7.05]",ok,ok
LSD,pneumonia,NA,NA,NA,NA,NA,NA,NA,NA,NA,NA,NA,NA,NA,NA,,NA,,NA,1,NA,NA,NA,NA,NA,NA,NA,NA,NA,,NA,,NA,insufficient_k,NA
LSD,pruritus,NA,NA,NA,NA,NA,NA,NA,NA,NA,NA,NA,NA,NA,NA,,NA,,NA,1,NA,NA,NA,NA,NA,NA,NA,NA,NA,,NA,,NA,insufficient_k,NA
LSD,serious ae,NA,NA,NA,NA,NA,NA,NA,NA,NA,NA,NA,NA,NA,NA,,NA,,NA,1,NA,NA,NA,NA,NA,NA,NA,NA,NA,,NA,,NA,insufficient_k,NA
LSD,skin lesion,NA,NA,NA,NA,NA,NA,NA,NA,NA,NA,NA,NA,NA,NA,,NA,,NA,1,NA,NA,NA,NA,NA,NA,NA,NA,NA,,NA,,NA,insufficient_k,NA
LSD,sleep disorder,-1.1052428095520312,NA,-2.0034142740397956,NA,-0.20707134506426694,NA,0.3311304708387594,NA,0.13487399941518677,NA,0.8129616471175262,NA,0.01587271840874928,NA,0.016,NA,*,NA,2,NA,0,NA,0,NA,0.08267637237827062,NA,0.7737027118374475,NA,"-1.105 [-2.003, -0.207] *",NA,"0.33 [0.13, 0.81] *",NA,ok,NA
LSD,tachyphrenia,NA,NA,NA,NA,NA,NA,NA,NA,NA,NA,NA,NA,NA,NA,,NA,,NA,1,NA,NA,NA,NA,NA,NA,NA,NA,NA,,NA,,NA,insufficient_k,NA
LSD,temperature perception disturbances,-0.41319312449889856,0.35352381416318923,-1.8576491823923185,-1.507870563154626,1.0312629333945211,2.2149181914810048,0.6615345119692758,1.4240768997472486,0.15603901881597554,0.2213808930199491,2.8046056290737376,9.160659660953616,0.5750317435027783,0.7097107669721846,0.575,0.710,,,5,4,40.83464411829293,0,1.08606311022328,0,7.1893150007580235,0.30591486683215163,0.12621565533224707,0.9589122421560295,"-0.413 [-1.858, 1.031]","0.354 [-1.508, 2.215]","0.66 [0.16, 2.80]","1.42 [0.22, 9.16]",ok,ok
LSD,thinking abnormal,0.018354567720344158,0.35352381416318923,-0.8216825256175102,-1.507870563154626,0.8583916610581985,2.2149181914810048,1.018524048123679,1.4240768997472486,0.43969124002236815,0.2213808930199491,2.359362985156293,9.160659660953616,0.9658413168341584,0.7097107669721846,0.966,0.710,,,5,4,0,0,0,0,1.837145176530325,0.30591486683215174,0.7656798688894637,0.9589122421560294,"0.018 [-0.822, 0.858]","0.354 [-1.508, 2.215]","1.02 [0.44, 2.36]","1.42 [0.22, 9.16]",ok,ok
LSD,time perception altered,NA,NA,NA,NA,NA,NA,NA,NA,NA,NA,NA,NA,NA,NA,,NA,,NA,1,NA,NA,NA,NA,NA,NA,NA,NA,NA,,NA,,NA,insufficient_k,NA
MDMA,abdominal discomfort,NA,NA,NA,NA,NA,NA,NA,NA,NA,NA,NA,NA,NA,NA,,NA,,NA,1,NA,NA,NA,NA,NA,NA,NA,NA,NA,,NA,,NA,insufficient_k,NA
MDMA,abdominal pain,NA,NA,NA,NA,NA,NA,NA,NA,NA,NA,NA,NA,NA,NA,,NA,,NA,1,NA,NA,NA,NA,NA,NA,NA,NA,NA,,NA,,NA,insufficient_k,NA
MDMA,abdominal pain upper,NA,NA,NA,NA,NA,NA,NA,NA,NA,NA,NA,NA,NA,NA,,NA,,NA,1,NA,NA,NA,NA,NA,NA,NA,NA,NA,,NA,,NA,insufficient_k,NA
MDMA,anxiety,1.4513915774799222,1.5963171073427422,0.8275995521091154,0.5573899884716358,2.075183602850729,2.6352442262138487,4.26905109897261,4.9348244871678855,2.2878203500707732,1.7461091826342945,7.966008906720087,13.946718201442604,5.108197841847154e-6,0.0025996450729486426,<0.001,0.003,***,**,13,4,0,0,0,0,9.10864977553071,2.311999562580352,0.6936233458220115,0.51022600793061,"1.451 [0.828, 2.075] ***","1.596 [0.557, 2.635] **","4.27 [2.29, 7.97] ***","4.93 [1.75, 13.95] **",ok,ok
MDMA,arthralgia,NA,NA,NA,NA,NA,NA,NA,NA,NA,NA,NA,NA,NA,NA,,NA,,NA,1,NA,NA,NA,NA,NA,NA,NA,NA,NA,,NA,,NA,insufficient_k,NA
MDMA,attention disturbance,NA,NA,NA,NA,NA,NA,NA,NA,NA,NA,NA,NA,NA,NA,,NA,,NA,1,NA,NA,NA,NA,NA,NA,NA,NA,NA,,NA,,NA,insufficient_k,NA
MDMA,autonomic,1.3528100309199445,-0.28347772503126223,-0.056944276521075254,-1.804547221188102,2.7625643383609644,1.2375917711255777,3.868280259628921,0.7531598985664117,0.9446467069007998,0.16454894398807965,15.84041108461321,3.4473015691286406,0.059999802303581574,0.7149073789749563,0.060,0.715,,,5,2,58.44929203245396,0,1.5097979232738854,0,9.612032394119064,0.7719009161656354,0.04749544146283181,0.3796296303745021,"1.353 [-0.057, 2.763]","-0.283 [-1.805, 1.238]","3.87 [0.94, 15.84]","0.75 [0.16, 3.45]",ok,ok
MDMA,back pain,NA,NA,NA,NA,NA,NA,NA,NA,NA,NA,NA,NA,NA,NA,,NA,,NA,1,NA,NA,NA,NA,NA,NA,NA,NA,NA,,NA,,NA,insufficient_k,NA
MDMA,binge eating,NA,NA,NA,NA,NA,NA,NA,NA,NA,NA,NA,NA,NA,NA,,NA,,NA,1,NA,NA,NA,NA,NA,NA,NA,NA,NA,,NA,,NA,insufficient_k,NA
MDMA,bruxism,NA,NA,NA,NA,NA,NA,NA,NA,NA,NA,NA,NA,NA,NA,,NA,,NA,1,NA,NA,NA,NA,NA,NA,NA,NA,NA,,NA,,NA,insufficient_k,NA
MDMA,chest discomfort,NA,NA,NA,NA,NA,NA,NA,NA,NA,NA,NA,NA,NA,NA,,NA,,NA,1,NA,NA,NA,NA,NA,NA,NA,NA,NA,,NA,,NA,insufficient_k,NA
MDMA,chills,NA,NA,NA,NA,NA,NA,NA,NA,NA,NA,NA,NA,NA,NA,,NA,,NA,1,NA,NA,NA,NA,NA,NA,NA,NA,NA,,NA,,NA,insufficient_k,NA
MDMA,covid-19,NA,NA,NA,NA,NA,NA,NA,NA,NA,NA,NA,NA,NA,NA,,NA,,NA,1,NA,NA,NA,NA,NA,NA,NA,NA,NA,,NA,,NA,insufficient_k,NA
MDMA,decreased appetite,NA,NA,NA,NA,NA,NA,NA,NA,NA,NA,NA,NA,NA,NA,,NA,,NA,1,NA,NA,NA,NA,NA,NA,NA,NA,NA,,NA,,NA,insufficient_k,NA
MDMA,decreased concentration,0.08355287380751812,0.6043019856236972,-1.0210345858466525,-0.5319407651850997,1.188140333461689,1.740544736432494,1.0871426951468826,1.8299744145286314,0.36022206666968465,0.5874637334394192,3.2809740128857343,5.700447818664784,0.8821415207364424,0.2972300661285858,0.882,0.297,,,4,3,0,0,0,0,2.2006460524150047,0.04988989255754542,0.5318211302416257,0.9753636079464061,"0.084 [-1.021, 1.188]","0.604 [-0.532, 1.741]","1.09 [0.36, 3.28]","1.83 [0.59, 5.70]",ok,ok
MDMA,depressed mood,NA,NA,NA,NA,NA,NA,NA,NA,NA,NA,NA,NA,NA,NA,,NA,,NA,1,NA,NA,NA,NA,NA,NA,NA,NA,NA,,NA,,NA,insufficient_k,NA
MDMA,depression,0.2440578899585349,1.0673657246008708,-0.7576944249585125,-0.06270969840472707,1.2458102048755821,2.197441147606469,1.276418220148537,2.9077096941068663,0.4687459109892429,0.9392160900459834,3.4757497282243976,9.001949343509551,0.6330004752207707,0.06414043511942856,0.633,0.064,,,6,3,11.959925063903471,0,0.18791937882991872,0,5.503788156501037,1.9242082095231656,0.3575306745427511,0.3820880862189762,"0.244 [-0.758, 1.246]","1.067 [-0.063, 2.197]","1.28 [0.47, 3.48]","2.91 [0.94, 9.00]",ok,ok
MDMA,diarrhea,NA,NA,NA,NA,NA,NA,NA,NA,NA,NA,NA,NA,NA,NA,,NA,,NA,1,NA,NA,NA,NA,NA,NA,NA,NA,NA,,NA,,NA,insufficient_k,NA
MDMA,dissociation,0.10427812116380855,NA,-1.1190951994476914,NA,1.3276514417753087,NA,1.1099091012040092,NA,0.32657514635847873,NA,3.772173806463666,NA,0.8673198708816036,NA,0.867,,,,3,1,0,NA,0,NA,1.3664078878130999,NA,0.5049964174418226,NA,"0.104 [-1.119, 1.328]",,"1.11 [0.33, 3.77]",,ok,insufficient_k
MDMA,dizziness,1.6693782550157596,0.5496772855164663,0.935336944902605,-0.8445607830730698,2.4034195651289143,1.9439153541060024,5.3088660100389875,1.732693762259697,2.5480718729406315,0.42974606851289854,11.060935373075306,6.986050353322902,8.295680625698435e-6,0.43969148620395665,<0.001,0.440,***,,7,2,2.038578411178174e-5,0,2.0898047504536246e-7,0,5.865144452949316,0.03675247121073725,0.4384651521588455,0.8479698890903745,"1.669 [0.935, 2.403] ***","0.550 [-0.845, 1.944]","5.31 [2.55, 11.06] ***","1.73 [0.43, 6.99]",ok,ok
MDMA,dry mouth,NA,NA,NA,NA,NA,NA,NA,NA,NA,NA,NA,NA,NA,NA,,NA,,NA,1,NA,NA,NA,NA,NA,NA,NA,NA,NA,,NA,,NA,insufficient_k,NA
MDMA,emotional disorder,NA,NA,NA,NA,NA,NA,NA,NA,NA,NA,NA,NA,NA,NA,,NA,,NA,1,NA,NA,NA,NA,NA,NA,NA,NA,NA,,NA,,NA,insufficient_k,NA
MDMA,fatigue,1.0161473651742574,2.4721711164196667,0.37739718509735964,1.3811021569898687,1.6548975452511552,3.563240075849465,2.762531211814012,11.848142644311674,1.4584834822480883,3.9792850082506757,5.232543795753775,35.27731334370249,0.0018209327170455435,8.95688404661103e-6,0.002,<0.001,**,***,11,4,4.113373749759461,0,0.04882350385801066,0,8.812923631886912,1.0108950031417305,0.5499452111864833,0.7986157110333563,"1.016 [0.377, 1.655] **","2.472 [1.381, 3.563] ***","2.76 [1.46, 5.23] **","11.85 [3.98, 35.28] ***",ok,ok
MDMA,feeling abnormal,NA,NA,NA,NA,NA,NA,NA,NA,NA,NA,NA,NA,NA,NA,,NA,,NA,1,NA,NA,NA,NA,NA,NA,NA,NA,NA,,NA,,NA,insufficient_k,NA
MDMA,feeling cold,NA,NA,NA,NA,NA,NA,NA,NA,NA,NA,NA,NA,NA,NA,,NA,,NA,1,NA,NA,NA,NA,NA,NA,NA,NA,NA,,NA,,NA,insufficient_k,NA
MDMA,feeling hot,NA,NA,NA,NA,NA,NA,NA,NA,NA,NA,NA,NA,NA,NA,,NA,,NA,1,NA,NA,NA,NA,NA,NA,NA,NA,NA,,NA,,NA,insufficient_k,NA
MDMA,feeling jittery,NA,NA,NA,NA,NA,NA,NA,NA,NA,NA,NA,NA,NA,NA,,NA,,NA,1,NA,NA,NA,NA,NA,NA,NA,NA,NA,,NA,,NA,insufficient_k,NA
MDMA,flushing,NA,NA,NA,NA,NA,NA,NA,NA,NA,NA,NA,NA,NA,NA,,NA,,NA,1,NA,NA,NA,NA,NA,NA,NA,NA,NA,,NA,,NA,insufficient_k,NA
MDMA,genitourinary,NA,NA,NA,NA,NA,NA,NA,NA,NA,NA,NA,NA,NA,NA,,NA,,NA,1,NA,NA,NA,NA,NA,NA,NA,NA,NA,,NA,,NA,insufficient_k,NA
MDMA,headache,1.6148778688327312,0.7812090916308784,0.6054387250285906,-0.2302810507818568,2.6243170126368716,1.7926992340436136,5.0272738991442765,2.1841114605502128,1.8320558013286425,0.794310329590122,13.795149055333615,6.005641239197233,0.0017155793615934972,0.13008963936918785,0.002,0.130,**,,11,4,57.867407990303285,0,1.6099170743657822,0,25.02959715544511,0.3354893012827576,0.0052896862325759126,0.9532213727758598,"1.615 [0.605, 2.624] **","0.781 [-0.230, 1.793]","5.03 [1.83, 13.80] **","2.18 [0.79, 6.01]",ok,ok
MDMA,heart rate increased,NA,NA,NA,NA,NA,NA,NA,NA,NA,NA,NA,NA,NA,NA,,NA,,NA,1,NA,NA,NA,NA,NA,NA,NA,NA,NA,,NA,,NA,insufficient_k,NA
MDMA,hyperhidrosis,NA,NA,NA,NA,NA,NA,NA,NA,NA,NA,NA,NA,NA,NA,,NA,,NA,1,NA,NA,NA,NA,NA,NA,NA,NA,NA,,NA,,NA,insufficient_k,NA
MDMA,hypoaesthesia,NA,NA,NA,NA,NA,NA,NA,NA,NA,NA,NA,NA,NA,NA,,NA,,NA,1,NA,NA,NA,NA,NA,NA,NA,NA,NA,,NA,,NA,insufficient_k,NA
MDMA,impaired gait,NA,NA,NA,NA,NA,NA,NA,NA,NA,NA,NA,NA,NA,NA,,NA,,NA,1,NA,NA,NA,NA,NA,NA,NA,NA,NA,,NA,,NA,insufficient_k,NA
MDMA,infectious,NA,NA,NA,NA,NA,NA,NA,NA,NA,NA,NA,NA,NA,NA,,,,,1,1,NA,NA,NA,NA,NA,NA,NA,NA,,,,,insufficient_k,insufficient_k
MDMA,insomnia,NA,NA,NA,NA,NA,NA,NA,NA,NA,NA,NA,NA,NA,NA,,NA,,NA,1,NA,NA,NA,NA,NA,NA,NA,NA,NA,,NA,,NA,insufficient_k,NA
MDMA,irritability,-0.4476562080624588,0.7313932222504895,-1.441061131367578,-0.5496423483044093,0.5457487152426606,2.0124287928053883,0.6391243720724684,2.077973671020437,0.23667648054866713,0.5771561943630307,1.7259001064663562,7.4814662298125665,0.37712016435298146,0.2631316234732361,0.377,0.263,,,5,3,0,0,0,0,2.4492484392454195,0.594267091474497,0.6537461136493855,0.7429447886271018,"-0.448 [-1.441, 0.546]","0.731 [-0.550, 2.012]","0.64 [0.24, 1.73]","2.08 [0.58, 7.48]",ok,ok
MDMA,jaw tension,1.2521989144886592,0.32008273932774584,0.5328508026396889,-1.0859585858051382,1.9715470263376296,1.72612406446063,3.4980263676464647,1.3772417116752964,1.7037825395693629,0.33757803323636587,7.181778298915225,5.618833412214948,6.453778551889114e-4,0.6554656245008321,<0.001,0.655,***,,10,2,0,0,0,0,7.6623077572119165,0.2591261746693648,0.5685025316809013,0.6107211209408615,"1.252 [0.533, 1.972] ***","0.320 [-1.086, 1.726]","3.50 [1.70, 7.18] ***","1.38 [0.34, 5.62]",ok,ok
MDMA,lack of appetite,1.0893394650175778,0.4553944457606597,0.03645194471370172,-0.5938020984047533,2.1422269853214537,1.5045909899260725,2.972310109195488,1.576795220575522,1.0371244635071886,0.5522236794408066,8.518386843706399,4.50231176277604,0.042578646899165504,0.3949332628280211,0.043,0.395,*,,8,4,46.72978871533349,0,1.069132266945932,0,13.205597071931834,2.2487858939531464,0.06725470896429185,0.5224031014523828,"1.089 [0.036, 2.142] *","0.455 [-0.594, 1.505]","2.97 [1.04, 8.52] *","1.58 [0.55, 4.50]",ok,ok
MDMA,muscle spasms,NA,NA,NA,NA,NA,NA,NA,NA,NA,NA,NA,NA,NA,NA,,NA,,NA,1,NA,NA,NA,NA,NA,NA,NA,NA,NA,,NA,,NA,insufficient_k,NA
MDMA,muscle tension,0.881823349580337,0.6811065891143511,-0.3822717042728331,-0.6445863678771342,2.145918403433507,2.006799546105836,2.415299629465062,1.976063212833499,0.6823096415729538,0.5248796042765209,8.549889880854508,7.439469526532947,0.17154496422757498,0.3139450775700336,0.172,0.314,,,7,3,55.636143568062536,0,1.588513339902132,0,13.395729600454452,0.8902765729948003,0.037164874415218756,0.640735664814746,"0.882 [-0.382, 2.146]","0.681 [-0.645, 2.007]","2.42 [0.68, 8.55]","1.98 [0.52, 7.44]",ok,ok
MDMA,muscle tightness,NA,NA,NA,NA,NA,NA,NA,NA,NA,NA,NA,NA,NA,NA,,NA,,NA,1,NA,NA,NA,NA,NA,NA,NA,NA,NA,,NA,,NA,insufficient_k,NA
MDMA,myalgia,NA,NA,NA,NA,NA,NA,NA,NA,NA,NA,NA,NA,NA,NA,,NA,,NA,1,NA,NA,NA,NA,NA,NA,NA,NA,NA,,NA,,NA,insufficient_k,NA
MDMA,mydriasis,NA,NA,NA,NA,NA,NA,NA,NA,NA,NA,NA,NA,NA,NA,,NA,,NA,1,NA,NA,NA,NA,NA,NA,NA,NA,NA,,NA,,NA,insufficient_k,NA
MDMA,nausea,1.3920626986344429,0.07448423444696806,0.5560134180685177,-1.3650892058841417,2.228111979200368,1.5140576747780778,4.023140025634332,1.0773283587109959,1.7437071940453706,0.25535789554517335,9.282324303721296,4.5451361118286195,0.0011007030466894873,0.9192253986776544,0.001,0.919,**,,9,2,25.69710530729469,0,0.4093125033634965,0,10.057086477043072,0.5699807682622494,0.261042040435906,0.4502665586627596,"1.392 [0.556, 2.228] **","0.074 [-1.365, 1.514]","4.02 [1.74, 9.28] **","1.08 [0.26, 4.55]",ok,ok
MDMA,neck pain,NA,NA,NA,NA,NA,NA,NA,NA,NA,NA,NA,NA,NA,NA,,NA,,NA,1,NA,NA,NA,NA,NA,NA,NA,NA,NA,,NA,,NA,insufficient_k,NA
MDMA,nightmare,NA,NA,NA,NA,NA,NA,NA,NA,NA,NA,NA,NA,NA,NA,,NA,,NA,1,NA,NA,NA,NA,NA,NA,NA,NA,NA,,NA,,NA,insufficient_k,NA
MDMA,nystagmus,NA,NA,NA,NA,NA,NA,NA,NA,NA,NA,NA,NA,NA,NA,,NA,,NA,1,NA,NA,NA,NA,NA,NA,NA,NA,NA,,NA,,NA,insufficient_k,NA
MDMA,ophthalmological,0.6191411650842573,-1.3696040029194045,-1.043265075179821,-3.2670546440762873,2.2815474053483356,0.5278466382374782,1.8573322149121863,0.2542076050932971,0.3523025078406662,0.038118534547457644,9.791820608074627,1.695277828868678,0.46541304455279386,0.1571485755887108,0.465,0.157,,,4,2,44.51204897129897,0,1.275928563667552,0,5.326295270384001,0.6494399761265087,0.14940520237117902,0.42031297385798255,"0.619 [-1.043, 2.282]","-1.370 [-3.267, 0.528]","1.86 [0.35, 9.79]","0.25 [0.04, 1.70]",ok,ok
MDMA,pain,0.2677914372018271,NA,-1.0104274301276268,NA,1.546010304531281,NA,1.3070745044690355,NA,0.3640633346726301,NA,4.6927102993473016,NA,0.6813515742252269,NA,0.681,,,,6,1,24.762247795988415,NA,0.6296583083322144,NA,5.868241712503336,NA,0.3192514617808387,NA,"0.268 [-1.010, 1.546]",,"1.31 [0.36, 4.69]",,ok,insufficient_k
MDMA,pain in jaw,NA,NA,NA,NA,NA,NA,NA,NA,NA,NA,NA,NA,NA,NA,,NA,,NA,1,NA,NA,NA,NA,NA,NA,NA,NA,NA,,NA,,NA,insufficient_k,NA
MDMA,palpitations,NA,NA,NA,NA,NA,NA,NA,NA,NA,NA,NA,NA,NA,NA,,NA,,NA,1,NA,NA,NA,NA,NA,NA,NA,NA,NA,,NA,,NA,insufficient_k,NA
MDMA,panic attack,NA,NA,NA,NA,NA,NA,NA,NA,NA,NA,NA,NA,NA,NA,,NA,,NA,1,NA,NA,NA,NA,NA,NA,NA,NA,NA,,NA,,NA,insufficient_k,NA
MDMA,paraesthesia,NA,NA,NA,NA,NA,NA,NA,NA,NA,NA,NA,NA,NA,NA,,NA,,NA,1,NA,NA,NA,NA,NA,NA,NA,NA,NA,,NA,,NA,insufficient_k,NA
MDMA,perspiration,0.4048830326244782,NA,-0.7835914207217892,NA,1.5933574859707456,NA,1.499127140834076,NA,0.456762635251033,NA,4.920240866791147,NA,0.5043187874438602,NA,0.504,,,,6,1,43.11614046779802,NA,0.9463311868668333,NA,8.755707236989554,NA,0.11921396394797387,NA,"0.405 [-0.784, 1.593]",,"1.50 [0.46, 4.92]",,ok,insufficient_k
MDMA,restlessness,0.827189049510946,-0.43450037363478694,-0.03070904847528344,-1.9735612694092735,1.6850871474971754,1.1045605221396995,2.28688138660958,0.6475881383716421,0.9697576845105738,0.13896109607077906,5.392920891429484,3.0178978780222416,0.05878394630268287,0.5800390108781028,0.059,0.580,,,8,2,23.186779901786203,0,0.3503476138996513,0,8.617971457634853,0.6099180566873896,0.2812596490494796,0.4348186649134493,"0.827 [-0.031, 1.685]","-0.435 [-1.974, 1.105]","2.29 [0.97, 5.39]","0.65 [0.14, 3.02]",ok,ok
MDMA,rumination,0.3567517600623565,0.3640418801815308,-0.6837558179122749,-1.0427852437527108,1.3972593380369878,1.7708690041157724,1.4286811701057973,1.439134484109421,0.5047177999340036,0.3524715942190128,4.044101250405208,5.875957374499743,0.5015839968874625,0.612031322818297,0.502,0.612,,,5,2,3.424111831087369e-5,0,4.91831347119799e-7,0,4.087964149467312,6.191404305651104e-4,0.39423207372860075,0.9801486598554686,"0.357 [-0.684, 1.397]","0.364 [-1.043, 1.771]","1.43 [0.50, 4.04]","1.44 [0.35, 5.88]",ok,ok
MDMA,sleep disorder,1.284307348872961,1.343769507643858,0.606934907512682,0.6027991488018339,1.9616797902332401,2.084739866485882,3.6121651202794873,3.8334665859299055,1.8347989427368072,1.827226327076134,7.111262467102564,8.042499086008833,2.0230686046662723e-4,3.7877490478331003e-4,<0.001,<0.001,***,***,12,8,3.156352404048041,0,0.0454619321161328,0,11.435512043759594,5.8481625879067805,0.40753094440058174,0.5575864826727694,"1.284 [0.607, 1.962] ***","1.344 [0.603, 2.085] ***","3.61 [1.83, 7.11] ***","3.83 [1.83, 8.04] ***",ok,ok
MDMA,suicidal ideation,NA,NA,NA,NA,NA,NA,NA,NA,NA,NA,NA,NA,NA,NA,,NA,,NA,1,NA,NA,NA,NA,NA,NA,NA,NA,NA,,NA,,NA,insufficient_k,NA
MDMA,temperature perception disturbances,NA,NA,NA,NA,NA,NA,NA,NA,NA,NA,NA,NA,NA,NA,,NA,,NA,1,NA,NA,NA,NA,NA,NA,NA,NA,NA,,NA,,NA,insufficient_k,NA
MDMA,thirst,NA,NA,NA,NA,NA,NA,NA,NA,NA,NA,NA,NA,NA,NA,,NA,,NA,1,NA,NA,NA,NA,NA,NA,NA,NA,NA,,NA,,NA,insufficient_k,NA
MDMA,tremor,NA,NA,NA,NA,NA,NA,NA,NA,NA,NA,NA,NA,NA,NA,,NA,,NA,1,NA,NA,NA,NA,NA,NA,NA,NA,NA,,NA,,NA,insufficient_k,NA
MDMA,upper respiratory tract infection,NA,NA,NA,NA,NA,NA,NA,NA,NA,NA,NA,NA,NA,NA,,NA,,NA,1,NA,NA,NA,NA,NA,NA,NA,NA,NA,,NA,,NA,insufficient_k,NA
MDMA,vision blurred,NA,NA,NA,NA,NA,NA,NA,NA,NA,NA,NA,NA,NA,NA,,NA,,NA,1,NA,NA,NA,NA,NA,NA,NA,NA,NA,,NA,,NA,insufficient_k,NA
MDMA,visual impairment,NA,NA,NA,NA,NA,NA,NA,NA,NA,NA,NA,NA,NA,NA,,NA,,NA,1,NA,NA,NA,NA,NA,NA,NA,NA,NA,,NA,,NA,insufficient_k,NA
MDMA,vomiting,NA,NA,NA,NA,NA,NA,NA,NA,NA,NA,NA,NA,NA,NA,,NA,,NA,1,NA,NA,NA,NA,NA,NA,NA,NA,NA,,NA,,NA,insufficient_k,NA
MDMA,weakness,-0.04657653678771247,0.07448423444696806,-1.5323125108965385,-1.3650892058841417,1.4391594373211136,1.5140576747780778,0.9544915040606311,1.0773283587109959,0.21603550476441838,0.25535789554517335,4.217149548253231,4.5451361118286195,0.9510062690611477,0.9192253986776544,0.951,0.919,,,3,2,0,0,0,0,1.3953420965377024,0.5699807682622494,0.4977431747838044,0.4502665586627596,"-0.047 [-1.532, 1.439]","0.074 [-1.365, 1.514]","0.95 [0.22, 4.22]","1.08 [0.26, 4.55]",ok,ok
MDMA,xerostomia,0.9280889238028222,-0.6076625644137126,-0.21685836854404072,-2.1714480992466356,2.073036216149685,0.9561229704192102,2.5296701627927645,0.5446224022161925,0.8050439807821146,0.11401239604678186,7.9489211587011726,2.6015904522700217,0.1121196361119059,0.44629202593093426,0.112,0.446,,,4,2,0,0,0,0,2.475567256108889,0.4473336534607459,0.47972281395502414,0.5036038870049208,"0.928 [-0.217, 2.073]","-0.608 [-2.171, 0.956]","2.53 [0.81, 7.95]","0.54 [0.11, 2.60]",ok,ok
PSILOCYBIN,abdominal pain,1.0451906432151856,NA,-0.34289789964245077,NA,2.433279186072822,NA,2.8439406499630815,NA,0.7097106695742712,NA,11.39619110610824,NA,0.13999856845807354,NA,0.140,NA,,NA,4,NA,0,NA,0,NA,1.5205539791933769,NA,0.6775346722139676,NA,"1.045 [-0.343, 2.433]",NA,"2.84 [0.71, 11.40]",NA,ok,NA
PSILOCYBIN,alcohol intoxication,NA,NA,NA,NA,NA,NA,NA,NA,NA,NA,NA,NA,NA,NA,,NA,,NA,1,NA,NA,NA,NA,NA,NA,NA,NA,NA,,NA,,NA,insufficient_k,NA
PSILOCYBIN,anemia,NA,NA,NA,NA,NA,NA,NA,NA,NA,NA,NA,NA,NA,NA,,NA,,NA,1,NA,NA,NA,NA,NA,NA,NA,NA,NA,,NA,,NA,insufficient_k,NA
PSILOCYBIN,anger,NA,NA,NA,NA,NA,NA,NA,NA,NA,NA,NA,NA,NA,NA,,NA,,NA,1,NA,NA,NA,NA,NA,NA,NA,NA,NA,,NA,,NA,insufficient_k,NA
PSILOCYBIN,anxiety,1.1396673854794446,NA,-1.1549262973965222,NA,3.4342610683554113,NA,3.125728529567281,NA,0.3150807583198573,NA,31.00849094260635,NA,0.3303221626881109,NA,0.330,NA,,NA,7,NA,78.08467079512617,NA,7.427434011489256,NA,26.320156390828394,NA,1.9404951224602144e-4,NA,"1.140 [-1.155, 3.434]",NA,"3.13 [0.32, 31.01]",NA,ok,NA
PSILOCYBIN,any adverse event,NA,NA,NA,NA,NA,NA,NA,NA,NA,NA,NA,NA,NA,NA,,NA,,NA,1,NA,NA,NA,NA,NA,NA,NA,NA,NA,,NA,,NA,insufficient_k,NA
PSILOCYBIN,arthralgia,NA,NA,NA,NA,NA,NA,NA,NA,NA,NA,NA,NA,NA,NA,,NA,,NA,1,NA,NA,NA,NA,NA,NA,NA,NA,NA,,NA,,NA,insufficient_k,NA
PSILOCYBIN,back pain,0.9885938057436089,NA,-0.9244548064791723,NA,2.90164241796639,NA,2.6874527334445686,NA,0.39674766437788983,NA,18.20401943845993,NA,0.31113756557585964,NA,0.311,NA,,NA,3,NA,11.22310920030204,NA,0.32886748093092316,NA,2.0182021504558256,NA,0.3645465322352693,NA,"0.989 [-0.924, 2.902]",NA,"2.69 [0.40, 18.20]",NA,ok,NA
PSILOCYBIN,biopsy,NA,NA,NA,NA,NA,NA,NA,NA,NA,NA,NA,NA,NA,NA,,NA,,NA,1,NA,NA,NA,NA,NA,NA,NA,NA,NA,,NA,,NA,insufficient_k,NA
PSILOCYBIN,bronchitis,NA,NA,NA,NA,NA,NA,NA,NA,NA,NA,NA,NA,NA,NA,,NA,,NA,1,NA,NA,NA,NA,NA,NA,NA,NA,NA,,NA,,NA,insufficient_k,NA
PSILOCYBIN,bronchitis bacterial,NA,NA,NA,NA,NA,NA,NA,NA,NA,NA,NA,NA,NA,NA,,NA,,NA,1,NA,NA,NA,NA,NA,NA,NA,NA,NA,,NA,,NA,insufficient_k,NA
PSILOCYBIN,cataract,NA,NA,NA,NA,NA,NA,NA,NA,NA,NA,NA,NA,NA,NA,,NA,,NA,1,NA,NA,NA,NA,NA,NA,NA,NA,NA,,NA,,NA,insufficient_k,NA
PSILOCYBIN,constipation,NA,NA,NA,NA,NA,NA,NA,NA,NA,NA,NA,NA,NA,NA,,NA,,NA,1,NA,NA,NA,NA,NA,NA,NA,NA,NA,,NA,,NA,insufficient_k,NA
PSILOCYBIN,contact dermatitis,NA,NA,NA,NA,NA,NA,NA,NA,NA,NA,NA,NA,NA,NA,,NA,,NA,1,NA,NA,NA,NA,NA,NA,NA,NA,NA,,NA,,NA,insufficient_k,NA
PSILOCYBIN,corona virus infection,NA,NA,NA,NA,NA,NA,NA,NA,NA,NA,NA,NA,NA,NA,,NA,,NA,1,NA,NA,NA,NA,NA,NA,NA,NA,NA,,NA,,NA,insufficient_k,NA
PSILOCYBIN,cough,NA,NA,NA,NA,NA,NA,NA,NA,NA,NA,NA,NA,NA,NA,,NA,,NA,1,NA,NA,NA,NA,NA,NA,NA,NA,NA,,NA,,NA,insufficient_k,NA
PSILOCYBIN,cystitis,NA,NA,NA,NA,NA,NA,NA,NA,NA,NA,NA,NA,NA,NA,,NA,,NA,1,NA,NA,NA,NA,NA,NA,NA,NA,NA,,NA,,NA,insufficient_k,NA
PSILOCYBIN,depressed mood,2.257275759118978,NA,0.17435666789997972,NA,4.340194850337976,NA,9.557018051612523,NA,1.190480096143552,NA,76.72248728451989,NA,0.033667773413525275,NA,0.034,NA,*,NA,2,NA,0,NA,0,NA,0.0630087977152026,NA,0.8018021001305602,NA,"2.257 [0.174, 4.340] *",NA,"9.56 [1.19, 76.72] *",NA,ok,NA
PSILOCYBIN,depression,NA,NA,NA,NA,NA,NA,NA,NA,NA,NA,NA,NA,NA,NA,,NA,,NA,1,NA,NA,NA,NA,NA,NA,NA,NA,NA,,NA,,NA,insufficient_k,NA
PSILOCYBIN,diarrhea,-1.8275878582583422,NA,-5.409035307062799,NA,1.7538595905461138,NA,0.1608009750907682,NA,0.004475956052473948,NA,5.776856002830997,NA,0.3172349883301176,NA,0.317,NA,,NA,3,NA,78.52854452671397,NA,7.822741264558793,NA,10.1033121900725,NA,0.006398727765382062,NA,"-1.828 [-5.409, 1.754]",NA,"0.16 [0.00, 5.78]",NA,ok,NA
PSILOCYBIN,diverticulitis,NA,NA,NA,NA,NA,NA,NA,NA,NA,NA,NA,NA,NA,NA,,NA,,NA,1,NA,NA,NA,NA,NA,NA,NA,NA,NA,,NA,,NA,insufficient_k,NA
PSILOCYBIN,dizziness,1.2777819479987864,NA,-0.06990078182357684,NA,2.6254646778211495,NA,3.5886710323832736,NA,0.9324863349099766,NA,13.810990356132285,NA,0.06312560436904123,NA,0.063,NA,,NA,5,NA,0,NA,0,NA,1.8331846372703537,NA,0.7664057547673033,NA,"1.278 [-0.070, 2.625]",NA,"3.59 [0.93, 13.81]",NA,ok,NA
PSILOCYBIN,dyspepsia,NA,NA,NA,NA,NA,NA,NA,NA,NA,NA,NA,NA,NA,NA,,NA,,NA,1,NA,NA,NA,NA,NA,NA,NA,NA,NA,,NA,,NA,insufficient_k,NA
PSILOCYBIN,dysphoria,NA,NA,NA,NA,NA,NA,NA,NA,NA,NA,NA,NA,NA,NA,,NA,,NA,1,NA,NA,NA,NA,NA,NA,NA,NA,NA,,NA,,NA,insufficient_k,NA
PSILOCYBIN,dyspnea,NA,NA,NA,NA,NA,NA,NA,NA,NA,NA,NA,NA,NA,NA,,NA,,NA,1,NA,NA,NA,NA,NA,NA,NA,NA,NA,,NA,,NA,insufficient_k,NA
PSILOCYBIN,edema,NA,NA,NA,NA,NA,NA,NA,NA,NA,NA,NA,NA,NA,NA,,NA,,NA,1,NA,NA,NA,NA,NA,NA,NA,NA,NA,,NA,,NA,insufficient_k,NA
PSILOCYBIN,endodontic procedure,NA,NA,NA,NA,NA,NA,NA,NA,NA,NA,NA,NA,NA,NA,,NA,,NA,1,NA,NA,NA,NA,NA,NA,NA,NA,NA,,NA,,NA,insufficient_k,NA
PSILOCYBIN,euphoric mood,2.3846361428184193,NA,0.31590423173365156,NA,4.453368053903187,NA,10.85511223572425,NA,1.3714989032641847,NA,85.91582637778653,NA,0.02386728567454032,NA,0.024,NA,*,NA,2,NA,0,NA,0,NA,0.016259740964682357,NA,0.8985338391120481,NA,"2.385 [0.316, 4.453] *",NA,"10.86 [1.37, 85.92] *",NA,ok,NA
PSILOCYBIN,eye infection,NA,NA,NA,NA,NA,NA,NA,NA,NA,NA,NA,NA,NA,NA,,NA,,NA,1,NA,NA,NA,NA,NA,NA,NA,NA,NA,,NA,,NA,insufficient_k,NA
PSILOCYBIN,fatigue,0.19396055471258847,NA,-2.109138223905283,NA,2.49705933333046,NA,1.214048393523919,NA,0.1213424914467361,NA,12.146721929349788,NA,0.8688946317112816,NA,0.869,NA,,NA,6,NA,77.94124023826592,NA,6.333622962551935,NA,29.31107198185242,NA,2.014644723122096e-5,NA,"0.194 [-2.109, 2.497]",NA,"1.21 [0.12, 12.15]",NA,ok,NA
PSILOCYBIN,feeling abnormal,-1.9773248954069613,NA,-9.115887448057732,NA,5.1612376572438095,NA,0.13843908142707143,NA,1.0990574225982752e-4,NA,174.38014495241347,NA,0.5872025169973318,NA,0.587,NA,,NA,2,NA,91.09421617507857,NA,24.168699115104502,NA,11.228657911071892,NA,8.054386811410464e-4,NA,"-1.977 [-9.116, 5.161]",NA,"0.14 [0.00, 174.38]",NA,ok,NA
PSILOCYBIN,food allergy,NA,NA,NA,NA,NA,NA,NA,NA,NA,NA,NA,NA,NA,NA,,NA,,NA,1,NA,NA,NA,NA,NA,NA,NA,NA,NA,,NA,,NA,insufficient_k,NA
PSILOCYBIN,food poisoning,NA,NA,NA,NA,NA,NA,NA,NA,NA,NA,NA,NA,NA,NA,,NA,,NA,1,NA,NA,NA,NA,NA,NA,NA,NA,NA,,NA,,NA,insufficient_k,NA
PSILOCYBIN,fungal infection,NA,NA,NA,NA,NA,NA,NA,NA,NA,NA,NA,NA,NA,NA,,NA,,NA,1,NA,NA,NA,NA,NA,NA,NA,NA,NA,,NA,,NA,insufficient_k,NA
PSILOCYBIN,gingivitis,NA,NA,NA,NA,NA,NA,NA,NA,NA,NA,NA,NA,NA,NA,,NA,,NA,1,NA,NA,NA,NA,NA,NA,NA,NA,NA,,NA,,NA,insufficient_k,NA
PSILOCYBIN,headache,2.347569590119715,NA,1.093125857513676,NA,3.602013322725754,NA,10.460116435959582,NA,2.98358577546672,NA,36.671992725503685,NA,2.445678005812189e-4,NA,<0.001,NA,***,NA,9,NA,71.28967309001781,NA,2.3128172574082453,NA,29.320997565390854,NA,2.7848087300571666e-4,NA,"2.348 [1.093, 3.602] ***",NA,"10.46 [2.98, 36.67] ***",NA,ok,NA
PSILOCYBIN,hospitalisation,0.6971828995938046,NA,-1.792342575390991,NA,3.1867083745786,NA,2.008087747027919,NA,0.16656951063507058,NA,24.208610473726466,NA,0.5830870789561835,NA,0.583,NA,,NA,2,NA,0,NA,0,NA,0.20153777567450176,NA,0.6534824505639704,NA,"0.697 [-1.792, 3.187]",NA,"2.01 [0.17, 24.21]",NA,ok,NA
PSILOCYBIN,hyperglycemia,NA,NA,NA,NA,NA,NA,NA,NA,NA,NA,NA,NA,NA,NA,,NA,,NA,1,NA,NA,NA,NA,NA,NA,NA,NA,NA,,NA,,NA,insufficient_k,NA
PSILOCYBIN,hypertension,2.033052122741222,NA,-0.4061148648160784,NA,4.472219110298523,NA,7.637360985349955,NA,0.6662336362255091,NA,87.55079246824782,NA,0.10233548161312862,NA,0.102,NA,,NA,4,NA,69.70036066896412,NA,4.3016340910329065,NA,9.529744169864445,NA,0.023017028651367708,NA,"2.033 [-0.406, 4.472]",NA,"7.64 [0.67, 87.55]",NA,ok,NA
PSILOCYBIN,hyperventilation,NA,NA,NA,NA,NA,NA,NA,NA,NA,NA,NA,NA,NA,NA,,NA,,NA,1,NA,NA,NA,NA,NA,NA,NA,NA,NA,,NA,,NA,insufficient_k,NA
PSILOCYBIN,hypoesthesia,NA,NA,NA,NA,NA,NA,NA,NA,NA,NA,NA,NA,NA,NA,,NA,,NA,1,NA,NA,NA,NA,NA,NA,NA,NA,NA,,NA,,NA,insufficient_k,NA
PSILOCYBIN,hypoglycemia,NA,NA,NA,NA,NA,NA,NA,NA,NA,NA,NA,NA,NA,NA,,NA,,NA,1,NA,NA,NA,NA,NA,NA,NA,NA,NA,,NA,,NA,insufficient_k,NA
PSILOCYBIN,hyponatremia,NA,NA,NA,NA,NA,NA,NA,NA,NA,NA,NA,NA,NA,NA,,NA,,NA,1,NA,NA,NA,NA,NA,NA,NA,NA,NA,,NA,,NA,insufficient_k,NA
PSILOCYBIN,illusion,0.8276795431012045,NA,0.025467535353175474,NA,1.6298915508492335,NA,2.288003362409869,NA,1.0257946036703463,NA,5.10332123767069,NA,0.04315711377230959,NA,0.043,NA,*,NA,2,NA,0,NA,0,NA,0.425578153860605,NA,0.5141666960316621,NA,"0.828 [0.025, 1.630] *",NA,"2.29 [1.03, 5.10] *",NA,ok,NA
PSILOCYBIN,influenza,NA,NA,NA,NA,NA,NA,NA,NA,NA,NA,NA,NA,NA,NA,,NA,,NA,1,NA,NA,NA,NA,NA,NA,NA,NA,NA,,NA,,NA,insufficient_k,NA
PSILOCYBIN,influenza like illness,NA,NA,NA,NA,NA,NA,NA,NA,NA,NA,NA,NA,NA,NA,,NA,,NA,1,NA,NA,NA,NA,NA,NA,NA,NA,NA,,NA,,NA,insufficient_k,NA
PSILOCYBIN,intentional selfâ€‘injury,1.6614094278110378,NA,-0.4971476352998818,NA,3.8199664909219573,NA,5.266728689648663,NA,0.6082631760655371,NA,45.60268019147628,NA,0.1314124712242299,NA,0.131,NA,,NA,2,NA,0,NA,0,NA,5.788131969876221e-4,NA,0.9808059165142661,NA,"1.661 [-0.497, 3.820]",NA,"5.27 [0.61, 45.60]",NA,ok,NA
PSILOCYBIN,irritability,1.9790681329221038,NA,-0.13811054642147402,NA,4.096246812265681,NA,7.235996855155887,NA,0.8710024002251148,NA,60.1142436281384,NA,0.06693517217984733,NA,0.067,NA,,NA,2,NA,0,NA,0,NA,0.06731654878937196,NA,0.7952847159654375,NA,"1.979 [-0.138, 4.096]",NA,"7.24 [0.87, 60.11]",NA,ok,NA
PSILOCYBIN,limb injury,NA,NA,NA,NA,NA,NA,NA,NA,NA,NA,NA,NA,NA,NA,,NA,,NA,1,NA,NA,NA,NA,NA,NA,NA,NA,NA,,NA,,NA,insufficient_k,NA
PSILOCYBIN,lower resp. tract congestion,NA,NA,NA,NA,NA,NA,NA,NA,NA,NA,NA,NA,NA,NA,,NA,,NA,1,NA,NA,NA,NA,NA,NA,NA,NA,NA,,NA,,NA,insufficient_k,NA
PSILOCYBIN,malignant melanoma,NA,NA,NA,NA,NA,NA,NA,NA,NA,NA,NA,NA,NA,NA,,NA,,NA,1,NA,NA,NA,NA,NA,NA,NA,NA,NA,,NA,,NA,insufficient_k,NA
PSILOCYBIN,mallory-weiss syndrom,NA,NA,NA,NA,NA,NA,NA,NA,NA,NA,NA,NA,NA,NA,,NA,,NA,1,NA,NA,NA,NA,NA,NA,NA,NA,NA,,NA,,NA,insufficient_k,NA
PSILOCYBIN,memory impairment,NA,NA,NA,NA,NA,NA,NA,NA,NA,NA,NA,NA,NA,NA,,NA,,NA,1,NA,NA,NA,NA,NA,NA,NA,NA,NA,,NA,,NA,insufficient_k,NA
PSILOCYBIN,migraine,-1.536494650698993,NA,-4.489386497072393,NA,1.416397195674407,NA,0.21513390071240532,NA,0.011227529819493542,NA,4.12224202294061,NA,0.3078048379456965,NA,0.308,NA,,NA,3,NA,73.46222378653496,NA,4.938451838275631,NA,8.182069553942096,NA,0.016721921143969986,NA,"-1.536 [-4.489, 1.416]",NA,"0.22 [0.01, 4.12]",NA,ok,NA
PSILOCYBIN,mood altered,2.505651283981756,NA,0.4383831250456556,NA,4.572919442917857,NA,12.251535596879211,NA,1.5501987136141613,NA,96.82637662087353,NA,0.017520810852809692,NA,0.018,NA,*,NA,2,NA,0,NA,0,NA,0.18224715450616885,NA,0.6694491416672316,NA,"2.506 [0.438, 4.573] *",NA,"12.25 [1.55, 96.83] *",NA,ok,NA
PSILOCYBIN,muscle strain,NA,NA,NA,NA,NA,NA,NA,NA,NA,NA,NA,NA,NA,NA,,NA,,NA,1,NA,NA,NA,NA,NA,NA,NA,NA,NA,,NA,,NA,insufficient_k,NA
PSILOCYBIN,musculoskeletal pain,NA,NA,NA,NA,NA,NA,NA,NA,NA,NA,NA,NA,NA,NA,,NA,,NA,1,NA,NA,NA,NA,NA,NA,NA,NA,NA,,NA,,NA,insufficient_k,NA
PSILOCYBIN,myalgia,1.3135169332395453,NA,-0.37064570896259785,NA,2.9976795754416887,NA,3.7192310251204703,NA,0.6902884612557078,NA,20.038983982226156,NA,0.12635850058480702,NA,0.126,NA,,NA,3,NA,0,NA,0,NA,1.5870816468495321,NA,0.4522406526688685,NA,"1.314 [-0.371, 2.998]",NA,"3.72 [0.69, 20.04]",NA,ok,NA
PSILOCYBIN,nasal congestion,NA,NA,NA,NA,NA,NA,NA,NA,NA,NA,NA,NA,NA,NA,,NA,,NA,1,NA,NA,NA,NA,NA,NA,NA,NA,NA,,NA,,NA,insufficient_k,NA
PSILOCYBIN,nausea,1.391752872443255,NA,-0.10990271662365392,NA,2.8934084615101643,NA,4.021893744558803,NA,0.8959212893051054,NA,18.054743743244877,NA,0.06929083726521588,NA,0.069,NA,,NA,8,NA,78.87982747743459,NA,3.3182996816687176,NA,37.93495843248868,NA,3.117676006495161e-6,NA,"1.392 [-0.110, 2.893]",NA,"4.02 [0.90, 18.05]",NA,ok,NA
PSILOCYBIN,oropharyngeal pain,NA,NA,NA,NA,NA,NA,NA,NA,NA,NA,NA,NA,NA,NA,,NA,,NA,1,NA,NA,NA,NA,NA,NA,NA,NA,NA,,NA,,NA,insufficient_k,NA
PSILOCYBIN,pain,NA,NA,NA,NA,NA,NA,NA,NA,NA,NA,NA,NA,NA,NA,,NA,,NA,1,NA,NA,NA,NA,NA,NA,NA,NA,NA,,NA,,NA,insufficient_k,NA
PSILOCYBIN,pain in extremity,NA,NA,NA,NA,NA,NA,NA,NA,NA,NA,NA,NA,NA,NA,,NA,,NA,1,NA,NA,NA,NA,NA,NA,NA,NA,NA,,NA,,NA,insufficient_k,NA
PSILOCYBIN,palpitations,-2.5797707644947954,NA,-7.34973578408644,NA,2.1901942550968494,NA,0.0757913761060121,NA,6.427621659147732e-4,NA,8.936948993983956,NA,0.2891355515007021,NA,0.289,NA,,NA,2,NA,86.0006311277484,NA,10.198148263316988,NA,7.143179161327175,NA,0.007524963830640302,NA,"-2.580 [-7.350, 2.190]",NA,"0.08 [0.00, 8.94]",NA,ok,NA
PSILOCYBIN,panic reaction,1.7550424920573149,NA,-0.41439545266274047,NA,3.9244804367773702,NA,5.783693497771002,NA,0.6607396083574407,NA,50.62676741797881,NA,0.11283433783632417,NA,0.113,NA,,NA,2,NA,0,NA,0,NA,0.23839266722317767,NA,0.6253694329214644,NA,"1.755 [-0.414, 3.924]",NA,"5.78 [0.66, 50.63]",NA,ok,NA
PSILOCYBIN,paresthesia,2.146018439374633,NA,0.05351181135776972,NA,4.238525067391496,NA,8.550745219916873,NA,1.0549694523156405,NA,69.30555539351826,NA,0.044422058538460873,NA,0.044,NA,*,NA,2,NA,0,NA,0,NA,0.022302357751704034,NA,0.8812855593702202,NA,"2.146 [0.054, 4.239] *",NA,"8.55 [1.05, 69.31] *",NA,ok,NA
PSILOCYBIN,peripheral swelling,NA,NA,NA,NA,NA,NA,NA,NA,NA,NA,NA,NA,NA,NA,,NA,,NA,1,NA,NA,NA,NA,NA,NA,NA,NA,NA,,NA,,NA,insufficient_k,NA
PSILOCYBIN,photopsia,NA,NA,NA,NA,NA,NA,NA,NA,NA,NA,NA,NA,NA,NA,,NA,,NA,1,NA,NA,NA,NA,NA,NA,NA,NA,NA,,NA,,NA,insufficient_k,NA
PSILOCYBIN,physical pain,NA,NA,NA,NA,NA,NA,NA,NA,NA,NA,NA,NA,NA,NA,,NA,,NA,1,NA,NA,NA,NA,NA,NA,NA,NA,NA,,NA,,NA,insufficient_k,NA
PSILOCYBIN,pneumonia,NA,NA,NA,NA,NA,NA,NA,NA,NA,NA,NA,NA,NA,NA,,NA,,NA,1,NA,NA,NA,NA,NA,NA,NA,NA,NA,,NA,,NA,insufficient_k,NA
PSILOCYBIN,psychomotor hyperactivity,NA,NA,NA,NA,NA,NA,NA,NA,NA,NA,NA,NA,NA,NA,,NA,,NA,1,NA,NA,NA,NA,NA,NA,NA,NA,NA,,NA,,NA,insufficient_k,NA
PSILOCYBIN,pyrexia,NA,NA,NA,NA,NA,NA,NA,NA,NA,NA,NA,NA,NA,NA,,NA,,NA,1,NA,NA,NA,NA,NA,NA,NA,NA,NA,,NA,,NA,insufficient_k,NA
PSILOCYBIN,restlessness,-3.015793851263239,NA,-5.911277409191253,NA,-0.12031029333522492,NA,0.04900691583880863,NA,0.0027087245268247176,NA,0.8866452739095698,NA,0.04121083756598503,NA,0.041,NA,*,NA,2,NA,61.84101864327595,NA,2.825654193483975,NA,2.6206150280890252,NA,0.10548354898429346,NA,"-3.016 [-5.911, -0.120] *",NA,"0.05 [0.00, 0.89] *",NA,ok,NA
PSILOCYBIN,rhinorrhea,NA,NA,NA,NA,NA,NA,NA,NA,NA,NA,NA,NA,NA,NA,,NA,,NA,1,NA,NA,NA,NA,NA,NA,NA,NA,NA,,NA,,NA,insufficient_k,NA
PSILOCYBIN,sedation,NA,NA,NA,NA,NA,NA,NA,NA,NA,NA,NA,NA,NA,NA,,NA,,NA,1,NA,NA,NA,NA,NA,NA,NA,NA,NA,,NA,,NA,insufficient_k,NA
PSILOCYBIN,sexual abuse,NA,NA,NA,NA,NA,NA,NA,NA,NA,NA,NA,NA,NA,NA,,NA,,NA,1,NA,NA,NA,NA,NA,NA,NA,NA,NA,,NA,,NA,insufficient_k,NA
PSILOCYBIN,sinus congestion,NA,NA,NA,NA,NA,NA,NA,NA,NA,NA,NA,NA,NA,NA,,NA,,NA,1,NA,NA,NA,NA,NA,NA,NA,NA,NA,,NA,,NA,insufficient_k,NA
PSILOCYBIN,sinus headache,NA,NA,NA,NA,NA,NA,NA,NA,NA,NA,NA,NA,NA,NA,,NA,,NA,1,NA,NA,NA,NA,NA,NA,NA,NA,NA,,NA,,NA,insufficient_k,NA
PSILOCYBIN,skin cosmetic procedure,NA,NA,NA,NA,NA,NA,NA,NA,NA,NA,NA,NA,NA,NA,,NA,,NA,1,NA,NA,NA,NA,NA,NA,NA,NA,NA,,NA,,NA,insufficient_k,NA
PSILOCYBIN,sleep disorder,0.505174873622964,NA,-2.499910398644395,NA,3.510260145890323,NA,1.6572753088594476,NA,0.08209235388056588,NA,33.456970345266036,NA,0.7417906293981058,NA,0.742,NA,,NA,5,NA,84.36619797975084,NA,9.83545861781627,NA,29.330785322942848,NA,6.6964121753262015e-6,NA,"0.505 [-2.500, 3.510]",NA,"1.66 [0.08, 33.46]",NA,ok,NA
PSILOCYBIN,stress,NA,NA,NA,NA,NA,NA,NA,NA,NA,NA,NA,NA,NA,NA,,NA,,NA,1,NA,NA,NA,NA,NA,NA,NA,NA,NA,,NA,,NA,insufficient_k,NA
PSILOCYBIN,suicidal behavior,1.2794431425893704,NA,-1.0955447545305217,NA,3.6544310397092623,NA,3.594637467622561,NA,0.3343574146116395,NA,38.6455270885628,NA,0.29103068846963503,NA,0.291,NA,,NA,2,NA,0,NA,0,NA,0.5894618053432613,NA,0.44262731073970674,NA,"1.279 [-1.096, 3.654]",NA,"3.59 [0.33, 38.65]",NA,ok,NA
PSILOCYBIN,suicidal ideation,1.4577407108442417,NA,0.30105457394904644,NA,2.614426847739437,NA,4.296242102049067,NA,1.3512830843799726,NA,13.659385226366668,NA,0.013507892187475735,NA,0.014,NA,*,NA,6,NA,0,NA,0,NA,3.342566170288537,NA,0.6473313915694635,NA,"1.458 [0.301, 2.614] *",NA,"4.30 [1.35, 13.66] *",NA,ok,NA
PSILOCYBIN,surgery,NA,NA,NA,NA,NA,NA,NA,NA,NA,NA,NA,NA,NA,NA,,NA,,NA,1,NA,NA,NA,NA,NA,NA,NA,NA,NA,,NA,,NA,insufficient_k,NA
PSILOCYBIN,tachycardia,NA,NA,NA,NA,NA,NA,NA,NA,NA,NA,NA,NA,NA,NA,,NA,,NA,1,NA,NA,NA,NA,NA,NA,NA,NA,NA,,NA,,NA,insufficient_k,NA
PSILOCYBIN,temperature perception disturbances,NA,NA,NA,NA,NA,NA,NA,NA,NA,NA,NA,NA,NA,NA,,NA,,NA,1,NA,NA,NA,NA,NA,NA,NA,NA,NA,,NA,,NA,insufficient_k,NA
PSILOCYBIN,testicular pain,NA,NA,NA,NA,NA,NA,NA,NA,NA,NA,NA,NA,NA,NA,,NA,,NA,1,NA,NA,NA,NA,NA,NA,NA,NA,NA,,NA,,NA,insufficient_k,NA
PSILOCYBIN,thinking abnormal,1.4777117434451963,NA,-0.8764881769753678,NA,3.8319116638657604,NA,4.382904986393217,NA,0.4162421165960714,NA,46.15067854460318,NA,0.218602333630161,NA,0.219,NA,,NA,2,NA,0,NA,0,NA,0.8455793995455667,NA,0.35780591972720527,NA,"1.478 [-0.876, 3.832]",NA,"4.38 [0.42, 46.15]",NA,ok,NA
PSILOCYBIN,thrombocytosis,NA,NA,NA,NA,NA,NA,NA,NA,NA,NA,NA,NA,NA,NA,,NA,,NA,1,NA,NA,NA,NA,NA,NA,NA,NA,NA,,NA,,NA,insufficient_k,NA
PSILOCYBIN,toothache,NA,NA,NA,NA,NA,NA,NA,NA,NA,NA,NA,NA,NA,NA,,NA,,NA,1,NA,NA,NA,NA,NA,NA,NA,NA,NA,,NA,,NA,insufficient_k,NA
PSILOCYBIN,traumatic lung injury,NA,NA,NA,NA,NA,NA,NA,NA,NA,NA,NA,NA,NA,NA,,NA,,NA,1,NA,NA,NA,NA,NA,NA,NA,NA,NA,,NA,,NA,insufficient_k,NA
PSILOCYBIN,upper respiratory tract infection,NA,NA,NA,NA,NA,NA,NA,NA,NA,NA,NA,NA,NA,NA,,NA,,NA,1,NA,NA,NA,NA,NA,NA,NA,NA,NA,,NA,,NA,insufficient_k,NA
PSILOCYBIN,urinary incontinence,NA,NA,NA,NA,NA,NA,NA,NA,NA,NA,NA,NA,NA,NA,,NA,,NA,1,NA,NA,NA,NA,NA,NA,NA,NA,NA,,NA,,NA,insufficient_k,NA
PSILOCYBIN,viral upper resp. tract infection,NA,NA,NA,NA,NA,NA,NA,NA,NA,NA,NA,NA,NA,NA,,NA,,NA,1,NA,NA,NA,NA,NA,NA,NA,NA,NA,,NA,,NA,insufficient_k,NA
PSILOCYBIN,vomiting,-1.8584661819024997,NA,-6.615102022949609,NA,2.898169659144609,NA,0.15591158707695615,NA,0.0013399780805526881,NA,18.14091091313151,NA,0.44380844394739694,NA,0.444,NA,,NA,2,NA,90.15512133167252,NA,10.631234629942089,NA,10.15756550882801,NA,0.001437102681222219,NA,"-1.858 [-6.615, 2.898]",NA,"0.16 [0.00, 18.14]",NA,ok,NA
PSILOCYBIN,withdrawal syndrome,0.4421218497560798,NA,-1.6704909123892087,NA,2.5547346119013685,NA,1.5560053277529344,NA,0.1881546755015795,NA,12.867884221007266,NA,0.6816768971478806,NA,0.682,NA,,NA,2,NA,0,NA,0,NA,0.29262474921053533,NA,0.5885434182164548,NA,"0.442 [-1.670, 2.555]",NA,"1.56 [0.19, 12.87]",NA,ok,NA
PSILOCYBIN,xerostomia,NA,NA,NA,NA,NA,NA,NA,NA,NA,NA,NA,NA,NA,NA,,NA,,NA,1,NA,NA,NA,NA,NA,NA,NA,NA,NA,,NA,,NA,insufficient_k,NA
